<step title="BackgroundTrace" date="2025-10-31T08:25:13.096" instance="c8fb3b" url="/api/zipdeploy" method="POST" >
  <step title="Creating temporary deployment - FetchDeploymentManager" date="2025-10-31T08:25:13.147" /><!-- duration: 1ms -->
  <step title="Creating temporary deployment" date="2025-10-31T08:25:13.151" /><!-- duration: 40ms -->
  <step title="Performing fetch based deployment" date="2025-10-31T08:25:13.209" >
    <step title="Deployment timer started" date="2025-10-31T08:25:16.350" >
      <step title="DeploymentManager.Deploy(id:e8c1b56a-203d-42de-934f-3d5f4cb52d85)" date="2025-10-31T08:25:16.354" >
        <step title="Collecting changeset information" date="2025-10-31T08:25:16.383" /><!-- duration: 95ms -->
        <step title="Updating submodules" date="2025-10-31T08:25:16.481" /><!-- duration: 1175ms -->
        <step title="Determining deployment builder" date="2025-10-31T08:25:17.889" >
          <step title="Builder is RunFromZipSiteBuilder" date="2025-10-31T08:25:17.896" /><!-- duration: 9ms -->
        </step><!-- duration: 25ms -->
        <step title="PreDeployment: context.CleanOutputPath False" date="2025-10-31T08:25:17.972" >
          <step title="PreDeployment: context.OutputPath /home/site/wwwroot" date="2025-10-31T08:25:18.114" >
            <step title="Building" date="2025-10-31T08:25:18.251" >
              <step title="Triggering recycle (preview mode disabled)." date="2025-10-31T08:25:18.651" /><!-- duration: 4ms -->
              <step title="Modified file to trigger a restart of the app container." date="2025-10-31T08:25:18.683" /><!-- duration: 8ms -->
              <step title="Skip function trigger and logicapp sync because function is not enabled." date="2025-10-31T08:25:18.698" /><!-- duration: 10ms -->
              <step title="Purge deployment items" date="2025-10-31T08:25:20.664" >
                <step title="Remove 10634759-, Success, received at 10/24/2025 08:55:22" date="2025-10-31T08:25:20.718" /><!-- duration: 1ms -->
              </step><!-- duration: 58ms -->
            </step><!-- duration: 2551ms -->
          </step><!-- duration: 2690ms -->
          <step title="Cleaning up temp files" date="2025-10-31T08:25:20.806" /><!-- duration: 2ms -->
          <step title="Cleaning up temp files" date="2025-10-31T08:25:20.823" /><!-- duration: 503ms -->
          <step title="Reloading status file with latest updates" date="2025-10-31T08:25:21.343" >
            <step title="WebHooksManager.PublishEventAsync: PostDeployment" date="2025-10-31T08:25:21.345" /><!-- duration: 32ms -->
          </step><!-- duration: 36ms -->
          <step title="Cleaning up temporary deployment - fetch deployment was successful" date="2025-10-31T08:25:21.383" /><!-- duration: 3ms -->
        </step><!-- duration: 3476ms -->
      </step><!-- duration: 5115ms -->
