<step title="Incoming Request" date="2025-10-19T01:10:32.100" instance="c8fb3b" url="/api/zipdeploy?isAsync=true&amp;deployer=GITHUB_ZIP_DEPLOY&amp;message=%7B%22type%22%3A%22deployment%22%2C%22sha%22%3A%22dfc5e522d46f0dcd4140f155fcdf89010c96f651%22%2C%22repoName%22%3A%22opsvantage-digital%2Fmarz-avatar-interface%22%2C%22actor%22%3A%22opsvantage-digital%22%2C%22slotName%22%3A%22production%22%2C%22commitMessage%22%3A%22ci%3A%20scope%20manual%20workflow%3B%20log%3A%20deployment%20triggered%3B%20kick%20off%20deploy%20via%20publish%20profile%22%7D" method="POST" type="request" pid="823,1,25" Host="sanctuary-portal.scm.azurewebsites.net" User-Agent="GITHUBACTIONS_DeployWebAppToAzure_bf4c71b5cd9aa1c94ef4a54f1c9bb6e95e8a6094c4209a1ecbcd493e852244de" Authorization="Bas..." Content-Type="application/octet-stream" Cookie="ARRAffinity=c8fb3b5a823bfbb2d788ddf199e5ecc35671bb8032d40fd8731abd02a1110dbd;Path=/;HttpOnly;Secure;Domain=sanctuary-portal.scm.azurewebsites.net; ARRAffinitySameSite=c8fb3b5a823bfbb2d788ddf199e5ecc35671bb8032d40fd8731abd02a1110dbd;Path=/;HttpOnly;SameSite=None;Secure;Domain=sanctuary-portal.scm.azurewebsites.net" Transfer-Encoding="chunked" X-ARR-LOG-ID="6f57fc44-61e3-4692-b8f3-cac2e4b7f679" CLIENT-IP="172.203.7.50:21520" X-SITE-DEPLOYMENT-ID="sanctuary-portal" WAS-DEFAULT-HOSTNAME="sanctuary-portal.scm.azurewebsites.net" X-Forwarded-Proto="https" X-AppService-Proto="https" X-Forwarded-TlsVersion="1.3" X-WAWS-Unencoded-URL="/api/zipdeploy?isAsync=true&amp;deployer=GITHUB_ZIP_DEPLOY&amp;message=%7B%22type%22%3A%22deployment%22%2C%22sha%22%3A%22dfc5e522d46f0dcd4140f155fcdf89010c96f651%22%2C%22repoName%22%3A%22opsvantage-digital%2Fmarz-avatar-interface%22%2C%22actor%22%3A%22opsvantage-digital%22%2C%22slotName%22%3A%22production%22%2C%22commitMessage%22%3A%22ci%3A%20scope%20manual%20workflow%3B%20log%3A%20deployment%20triggered%3B%20kick%20off%20deploy%20via%20publish%20profile%22%7D" X-Client-IP="172.203.7.50" X-Client-Port="21520" >
  <step title="ZipPushDeploy" date="2025-10-19T01:10:32.295" >
    <step title="ZipDeploy. Extract zip." date="2025-10-19T01:10:32.312" /><!-- duration: 2ms -->
    <step title="None repository commit" date="2025-10-19T01:10:32.323" >
      <step title="Commit id: ba9b3c65-f3ed-4776-9e09-d0efce19dad2" date="2025-10-19T01:10:32.325" Message="N/A" AuthorName="N/A" AuthorEmail="N/A" /><!-- duration: 2ms -->
    </step><!-- duration: 8ms -->
    <step title="Starting PushDeployAsync" date="2025-10-19T01:10:32.333" /><!-- duration: 2ms -->
    <step title="Writing artifact to /tmp/zipdeploy/046921e4-f42f-41eb-8633-e47294e0a6ad.zip" date="2025-10-19T01:10:32.353" >
      <step title="Writing multipart request body to /tmp/zipdeploy/046921e4-f42f-41eb-8633-e47294e0a6ad.zip" date="2025-10-19T01:10:32.400" /><!-- duration: 10ms -->
    </step><!-- duration: 314ms -->
    <step title="Start deployment in the background" date="2025-10-19T01:10:32.682" >
      <step title="Acquiring Deployment Lock" date="2025-10-19T01:10:32.729" /><!-- duration: 2ms -->
      <step title="Acquired Deployment Lock" date="2025-10-19T01:10:32.784" /><!-- duration: 3ms -->
    </step><!-- duration: 254ms -->
  </step><!-- duration: 650ms -->
  <step title="Outgoing response" date="2025-10-19T01:10:32.962" type="response" statusCode="202" statusText="Accepted" /><!-- duration: 2ms -->
</step><!-- duration: 866ms -->
