<step title="BackgroundTrace" date="2025-10-24T01:14:10.569" instance="c8fb3b" url="/api/zipdeploy" method="POST" >
  <step title="Cleanup Xml Logs" date="2025-10-24T01:14:10.577" /><!-- duration: 9ms -->
  <step title="Creating temporary deployment - FetchDeploymentManager" date="2025-10-24T01:14:10.659" /><!-- duration: 2ms -->
  <step title="Creating temporary deployment" date="2025-10-24T01:14:10.664" /><!-- duration: 101ms -->
  <step title="Performing fetch based deployment" date="2025-10-24T01:14:10.808" >
    <step title="Cleaning up temp folders from previous zip deployments and extracting pushed zip file /tmp/zipdeploy/7e44067f-8076-4bf8-9432-c1fb31f2a466.zip (212.59 MB) to /tmp/zipdeploy/extracted" date="2025-10-24T01:14:12.022" >
      <step title="ChmodRecursive Process exited with total time taken in ms: 611" date="2025-10-24T01:14:41.466" /><!-- duration: 9ms -->
    </step><!-- duration: 29457ms -->
    <step title="Deployment timer started" date="2025-10-24T01:14:43.486" >
      <step title="DeploymentManager.Deploy(id:d0033b68-bfdc-432e-810f-b97fea887a22)" date="2025-10-24T01:14:43.491" >
        <step title="Collecting changeset information" date="2025-10-24T01:14:43.511" /><!-- duration: 100ms -->
        <step title="Updating submodules" date="2025-10-24T01:14:43.614" /><!-- duration: 1135ms -->
        <step title="Determining deployment builder" date="2025-10-24T01:14:44.976" >
          <step title="Builder is BasicBuilder" date="2025-10-24T01:14:44.988" /><!-- duration: 9ms -->
        </step><!-- duration: 23ms -->
        <step title="PreDeployment: context.CleanOutputPath False" date="2025-10-24T01:14:45.053" >
          <step title="PreDeployment: context.OutputPath /home/site/wwwroot" date="2025-10-24T01:14:45.170" >
            <step title="Building" date="2025-10-24T01:14:45.297" >
              <step title="Executing external process" date="2025-10-24T01:14:45.852" type="process" path="starter.sh" arguments="/opt/Kudu/Scripts/absoluteTar.sh /tmp/zipdeploy/extracted/node_modules /tmp/zipdeploy/extracted/node_modules.tar.gz" >
                <step title="Cpu: gzip(921,34.000s)+sh(920,0.000s)+tar(919,2.740s)+absoluteTar.sh(918,0.020s)=total(36.750s)" date="2025-10-24T01:15:46.465" /><!-- duration: 17ms -->
                <step title="starter.sh: no io activity for 60s, prev-cpu=-1.000s, current-cpu=36.750s" date="2025-10-24T01:15:46.503" /><!-- duration: 92ms -->
                <step title="Cpu: gzip(921,77.710s)+sh(920,0.000s)+tar(919,4.320s)+absoluteTar.sh(918,0.020s)=total(82.050s)" date="2025-10-24T01:16:46.949" /><!-- duration: 1ms -->
                <step title="starter.sh: no io activity for 121s, prev-cpu=36.750s, current-cpu=82.050s" date="2025-10-24T01:16:46.960" /><!-- duration: 10ms -->
              </step><!-- duration: 136956ms -->
              <step title="Executing external process" date="2025-10-24T01:17:03.446" type="process" path="starter.sh" arguments="/opt/Kudu/Scripts/parallel_rsync.sh /tmp/zipdeploy/extracted /home/site/wwwroot 8 /tmp/ False True node_modules " /><!-- duration: 18183ms -->
              <step title="Triggering recycle (preview mode disabled)." date="2025-10-24T01:17:22.803" /><!-- duration: 3ms -->
              <step title="Modified file to trigger a restart of the app container." date="2025-10-24T01:17:22.870" /><!-- duration: 9ms -->
              <step title="Skip function trigger and logicapp sync because function is not enabled." date="2025-10-24T01:17:22.891" /><!-- duration: 47ms -->
              <step title="Purge deployment items" date="2025-10-24T01:17:25.366" >
                <step title="Remove 8674147d-, Success, received at 10/19/2025 01:25:38" date="2025-10-24T01:17:25.514" /><!-- duration: 1ms -->
              </step><!-- duration: 159ms -->
            </step><!-- duration: 160324ms -->
          </step><!-- duration: 160462ms -->
          <step title="Cleaning up temp files" date="2025-10-24T01:17:25.642" /><!-- duration: 57ms -->
          <step title="Cleaning up temp files" date="2025-10-24T01:17:25.708" /><!-- duration: 524ms -->
          <step title="Reloading status file with latest updates" date="2025-10-24T01:17:26.298" >
            <step title="WebHooksManager.PublishEventAsync: PostDeployment" date="2025-10-24T01:17:26.309" /><!-- duration: 409ms -->
          </step><!-- duration: 524ms -->
          <step title="Cleaning up temporary deployment - fetch deployment was successful" date="2025-10-24T01:17:26.881" /><!-- duration: 32ms -->
        </step><!-- duration: 162302ms -->
      </step><!-- duration: 163979ms -->
