<step title="Incoming Request" date="2025-10-24T09:23:33.278" instance="c8fb3b" url="/api/zipdeploy?isAsync=true&amp;deployer=GITHUB_ZIP_DEPLOY&amp;message=%7B%22type%22%3A%22deployment%22%2C%22sha%22%3A%223e53e7f95ec74927f28547526d1ba28032bccb6c%22%2C%22repoName%22%3A%22opsvantage-digital%2Fmarz-avatar-interface%22%2C%22actor%22%3A%22opsvantage-digital%22%2C%22slotName%22%3A%22production%22%2C%22commitMessage%22%3A%22ci(deploy)%3A%20switch%20health%20check%20to%20%27%2F%27%20and%20%27%2Fabout%27%20with%20extended%20retries%22%7D" method="POST" type="request" pid="827,1,44" Host="sanctuary-portal.scm.azurewebsites.net" User-Agent="GITHUBACTIONS_DeployWebAppToAzure_bf4c71b5cd9aa1c94ef4a54f1c9bb6e95e8a6094c4209a1ecbcd493e852244de" Authorization="Bea..." Content-Type="application/octet-stream" Cookie="ARRAffinity=c8fb3b5a823bfbb2d788ddf199e5ecc35671bb8032d40fd8731abd02a1110dbd;Path=/;HttpOnly;Secure;Domain=sanctuary-portal.scm.azurewebsites.net; ARRAffinitySameSite=c8fb3b5a823bfbb2d788ddf199e5ecc35671bb8032d40fd8731abd02a1110dbd;Path=/;HttpOnly;SameSite=None;Secure;Domain=sanctuary-portal.scm.azurewebsites.net" Transfer-Encoding="chunked" X-ARR-LOG-ID="9cc47b9f-3d05-4f82-9398-1eea7ef9f630" CLIENT-IP="52.238.26.244:52256" X-SITE-DEPLOYMENT-ID="sanctuary-portal" WAS-DEFAULT-HOSTNAME="sanctuary-portal.scm.azurewebsites.net" X-Forwarded-Proto="https" X-AppService-Proto="https" X-Forwarded-TlsVersion="1.3" X-WAWS-Unencoded-URL="/api/zipdeploy?isAsync=true&amp;deployer=GITHUB_ZIP_DEPLOY&amp;message=%7B%22type%22%3A%22deployment%22%2C%22sha%22%3A%223e53e7f95ec74927f28547526d1ba28032bccb6c%22%2C%22repoName%22%3A%22opsvantage-digital%2Fmarz-avatar-interface%22%2C%22actor%22%3A%22opsvantage-digital%22%2C%22slotName%22%3A%22production%22%2C%22commitMessage%22%3A%22ci(deploy)%3A%20switch%20health%20check%20to%20%27%2F%27%20and%20%27%2Fabout%27%20with%20extended%20retries%22%7D" X-Client-IP="52.238.26.244" X-Client-Port="52256" >
  <step title="Cleanup Xml Logs" date="2025-10-24T09:23:33.282" >
    <step title="Cleanup Infos" date="2025-10-24T09:23:33.291" totalFiles="375" totalCleanup="215" /><!-- duration: 8ms -->
  </step><!-- duration: 19ms -->
  <step title="ZipPushDeploy" date="2025-10-24T09:23:33.338" >
    <step title="ZipDeploy. Run from package." date="2025-10-24T09:23:33.363" /><!-- duration: 2ms -->
    <step title="Starting PushDeployAsync" date="2025-10-24T09:23:33.375" /><!-- duration: 2ms -->
    <step title="WEBSITE_RUN_FROM_PACKAGE is set to 1. Writing zip to SitePackagesPath" date="2025-10-24T09:23:33.384" /><!-- duration: 2ms -->
    <step title="Copying zip to SitePackages /home/data/SitePackages/20251024092333.zip from request body" date="2025-10-24T09:23:33.395" /><!-- duration: 9ms -->
    <step title="Writing multipart request body to /home/data/SitePackages/20251024092333.zip" date="2025-10-24T09:23:33.422" /><!-- duration: 1ms -->
    <step title="Deleting outdated zip file /home/data/SitePackages/20251024025641.zip" date="2025-10-24T09:23:48.337" /><!-- duration: 7ms -->
    <step title="Start deployment in the background" date="2025-10-24T09:23:48.428" >
      <step title="Acquiring Deployment Lock" date="2025-10-24T09:23:48.569" /><!-- duration: 17ms -->
      <step title="Acquired Deployment Lock" date="2025-10-24T09:23:48.632" /><!-- duration: 1ms -->
    </step><!-- duration: 310ms -->
  </step><!-- duration: 15415ms -->
  <step title="Outgoing response" date="2025-10-24T09:23:48.757" type="response" statusCode="202" statusText="Accepted" /><!-- duration: 2ms -->
</step><!-- duration: 15482ms -->
