<step title="Incoming Request" date="2025-10-24T01:13:55.966" instance="c8fb3b" url="/api/zipdeploy?isAsync=true&amp;deployer=GITHUB_ZIP_DEPLOY&amp;message=%7B%22type%22%3A%22deployment%22%2C%22sha%22%3A%227bc75de4fda3c5e225d466b75a7b7380bb631e89%22%2C%22repoName%22%3A%22opsvantage-digital%2Fmarz-avatar-interface%22%2C%22actor%22%3A%22opsvantage-digital%22%2C%22slotName%22%3A%22production%22%2C%22commitMessage%22%3A%22Fix%3A%20Add%20build%20step%20to%20deployment%20workflow%20and%20configure%20Azure%20app%20settings%5Cn%5Cn-%20Added%20Node.js%20setup%2C%20npm%20install%2C%20and%20build%20steps%20to%20workflow%5Cn-%20Configured%20PORT%3D8080%20and%20WEBSITES_PORT%3D8080%20for%20Azure%5Cn-%20Updated%20startup%20command%20to%20%27npm%20start%27%20(build%20happens%20in%20workflow)%5Cn-%20This%20should%20fix%20the%20503%20errors%20and%20allow%20health%20check%20to%20pass%22%7D" method="POST" type="request" pid="823,1,5" Host="sanctuary-portal.scm.azurewebsites.net" User-Agent="GITHUBACTIONS_DeployWebAppToAzure_bf4c71b5cd9aa1c94ef4a54f1c9bb6e95e8a6094c4209a1ecbcd493e852244de" Authorization="Bea..." Content-Type="application/octet-stream" Cookie="ARRAffinity=c8fb3b5a823bfbb2d788ddf199e5ecc35671bb8032d40fd8731abd02a1110dbd;Path=/;HttpOnly;Secure;Domain=sanctuary-portal.scm.azurewebsites.net; ARRAffinitySameSite=c8fb3b5a823bfbb2d788ddf199e5ecc35671bb8032d40fd8731abd02a1110dbd;Path=/;HttpOnly;SameSite=None;Secure;Domain=sanctuary-portal.scm.azurewebsites.net" Transfer-Encoding="chunked" X-ARR-LOG-ID="1d7c781c-8527-40e1-99af-385f17e4c20c" CLIENT-IP="68.220.58.242:58384" X-SITE-DEPLOYMENT-ID="sanctuary-portal" WAS-DEFAULT-HOSTNAME="sanctuary-portal.scm.azurewebsites.net" X-Forwarded-Proto="https" X-AppService-Proto="https" X-Forwarded-TlsVersion="1.3" X-WAWS-Unencoded-URL="/api/zipdeploy?isAsync=true&amp;deployer=GITHUB_ZIP_DEPLOY&amp;message=%7B%22type%22%3A%22deployment%22%2C%22sha%22%3A%227bc75de4fda3c5e225d466b75a7b7380bb631e89%22%2C%22repoName%22%3A%22opsvantage-digital%2Fmarz-avatar-interface%22%2C%22actor%22%3A%22opsvantage-digital%22%2C%22slotName%22%3A%22production%22%2C%22commitMessage%22%3A%22Fix%3A%20Add%20build%20step%20to%20deployment%20workflow%20and%20configure%20Azure%20app%20settings%5Cn%5Cn-%20Added%20Node.js%20setup%2C%20npm%20install%2C%20and%20build%20steps%20to%20workflow%5Cn-%20Configured%20PORT%3D8080%20and%20WEBSITES_PORT%3D8080%20for%20Azure%5Cn-%20Updated%20startup%20command%20to%20%27npm%20start%27%20(build%20happens%20in%20workflow)%5Cn-%20This%20should%20fix%20the%20503%20errors%20and%20allow%20health%20check%20to%20pass%22%7D" X-Client-IP="68.220.58.242" X-Client-Port="58384" >
  <step title="Cleanup Xml Logs" date="2025-10-24T01:13:55.967" /><!-- duration: 6ms -->
  <step title="ZipPushDeploy" date="2025-10-24T01:13:56.077" >
    <step title="ZipDeploy. Extract zip." date="2025-10-24T01:13:56.087" /><!-- duration: 1ms -->
    <step title="None repository commit" date="2025-10-24T01:13:56.097" >
      <step title="Commit id: d0033b68-bfdc-432e-810f-b97fea887a22" date="2025-10-24T01:13:56.104" Message="N/A" AuthorName="N/A" AuthorEmail="N/A" /><!-- duration: 10ms -->
    </step><!-- duration: 25ms -->
    <step title="Starting PushDeployAsync" date="2025-10-24T01:13:56.125" /><!-- duration: 16ms -->
    <step title="Writing artifact to /tmp/zipdeploy/7e44067f-8076-4bf8-9432-c1fb31f2a466.zip" date="2025-10-24T01:13:56.197" >
      <step title="Writing multipart request body to /tmp/zipdeploy/7e44067f-8076-4bf8-9432-c1fb31f2a466.zip" date="2025-10-24T01:13:56.201" /><!-- duration: 7ms -->
    </step><!-- duration: 14356ms -->
    <step title="Start deployment in the background" date="2025-10-24T01:14:10.565" >
      <step title="Acquiring Deployment Lock" date="2025-10-24T01:14:10.612" /><!-- duration: 2ms -->
      <step title="Acquired Deployment Lock" date="2025-10-24T01:14:10.655" /><!-- duration: 1ms -->
    </step><!-- duration: 202ms -->
  </step><!-- duration: 14701ms -->
  <step title="Outgoing response" date="2025-10-24T01:14:10.794" type="response" statusCode="202" statusText="Accepted" /><!-- duration: 2ms -->
</step><!-- duration: 14832ms -->
