<step title="BackgroundTrace" date="2025-10-19T02:31:16.612" instance="c8fb3b" url="/api/zipdeploy" method="POST" >
  <step title="Cleanup Xml Logs" date="2025-10-19T02:31:16.613" /><!-- duration: 21ms -->
  <step title="Creating temporary deployment - FetchDeploymentManager" date="2025-10-19T02:31:16.769" /><!-- duration: 7ms -->
  <step title="Creating temporary deployment" date="2025-10-19T02:31:16.779" /><!-- duration: 385ms -->
  <step title="Performing fetch based deployment" date="2025-10-19T02:31:17.223" >
    <step title="Cleaning up temp folders from previous zip deployments and extracting pushed zip file /tmp/zipdeploy/ce7ceca1-432b-468e-a6c2-c1cd760889d5.zip (157.37 MB) to /tmp/zipdeploy/extracted" date="2025-10-19T02:31:18.551" >
      <step title="ChmodRecursive Process exited with total time taken in ms: 405" date="2025-10-19T02:31:44.491" /><!-- duration: 3ms -->
    </step><!-- duration: 25951ms -->
    <step title="Deployment timer started" date="2025-10-19T02:31:46.534" >
      <step title="DeploymentManager.Deploy(id:6d9c5a72-33a8-468b-805f-4c16c2cf3993)" date="2025-10-19T02:31:46.542" >
        <step title="Collecting changeset information" date="2025-10-19T02:31:46.572" /><!-- duration: 178ms -->
        <step title="Updating submodules" date="2025-10-19T02:31:46.759" /><!-- duration: 1171ms -->
        <step title="Determining deployment builder" date="2025-10-19T02:31:48.146" >
          <step title="Builder is BasicBuilder" date="2025-10-19T02:31:48.161" /><!-- duration: 3ms -->
        </step><!-- duration: 26ms -->
        <step title="PreDeployment: context.CleanOutputPath False" date="2025-10-19T02:31:48.236" >
          <step title="PreDeployment: context.OutputPath /home/site/wwwroot" date="2025-10-19T02:31:48.353" >
            <step title="Building" date="2025-10-19T02:31:48.534" >
              <step title="Executing external process" date="2025-10-19T02:31:49.100" type="process" path="starter.sh" arguments="/opt/Kudu/Scripts/absoluteTar.sh /tmp/zipdeploy/extracted/node_modules /tmp/zipdeploy/extracted/node_modules.tar.gz" >
                <step title="Cpu: gzip(2560,26.580s)+sh(2559,0.000s)+tar(2558,1.570s)+absoluteTar.sh(2557,0.030s)=total(28.170s)" date="2025-10-19T02:32:49.891" /><!-- duration: 50ms -->
                <step title="starter.sh: no io activity for 60s, prev-cpu=-1.000s, current-cpu=28.170s" date="2025-10-19T02:32:49.991" /><!-- duration: 40ms -->
                <step title="Cpu: gzip(2560,72.200s)+sh(2559,0.000s)+tar(2558,3.040s)+absoluteTar.sh(2557,0.030s)=total(75.270s)" date="2025-10-19T02:33:50.334" /><!-- duration: 27ms -->
                <step title="starter.sh: no io activity for 121s, prev-cpu=28.170s, current-cpu=75.270s" date="2025-10-19T02:33:50.368" /><!-- duration: 23ms -->
              </step><!-- duration: 142675ms -->
              <step title="Executing external process" date="2025-10-19T02:34:12.008" type="process" path="starter.sh" arguments="/opt/Kudu/Scripts/parallel_rsync.sh /tmp/zipdeploy/extracted /home/site/wwwroot 8 /tmp/ False True node_modules " /><!-- duration: 10470ms -->
              <step title="Triggering recycle (preview mode disabled)." date="2025-10-19T02:34:23.185" /><!-- duration: 2ms -->
              <step title="Modified file to trigger a restart of the app container." date="2025-10-19T02:34:23.217" /><!-- duration: 1ms -->
              <step title="Skip function trigger and logicapp sync because function is not enabled." date="2025-10-19T02:34:23.226" /><!-- duration: 2ms -->
            </step><!-- duration: 156251ms -->
          </step><!-- duration: 156438ms -->
          <step title="Cleaning up temp files" date="2025-10-19T02:34:24.792" /><!-- duration: 6ms -->
          <step title="Cleaning up temp files" date="2025-10-19T02:34:24.828" /><!-- duration: 519ms -->
          <step title="Reloading status file with latest updates" date="2025-10-19T02:34:25.379" >
            <step title="WebHooksManager.PublishEventAsync: PostDeployment" date="2025-10-19T02:34:25.381" /><!-- duration: 38ms -->
          </step><!-- duration: 42ms -->
          <step title="Cleaning up temporary deployment - fetch deployment was successful" date="2025-10-19T02:34:25.424" /><!-- duration: 1ms -->
        </step><!-- duration: 157251ms -->
      </step><!-- duration: 158953ms -->
