<step title="Incoming Request" date="2025-10-24T01:40:33.008" instance="c8fb3b" url="/api/deployments/latest?deployer=GITHUB_ZIP_DEPLOY&amp;time=2025-10-24_01-37-41Z" method="GET" type="request" pid="823,1,7" Host="sanctuary-portal.scm.azurewebsites.net" User-Agent="GITHUBACTIONS_DeployWebAppToAzure_bf4c71b5cd9aa1c94ef4a54f1c9bb6e95e8a6094c4209a1ecbcd493e852244de" Authorization="Bea..." Content-Type="application/json; charset=utf-8" Cookie="ARRAffinity=c8fb3b5a823bfbb2d788ddf199e5ecc35671bb8032d40fd8731abd02a1110dbd;Path=/;HttpOnly;Secure;Domain=sanctuary-portal.scm.azurewebsites.net; ARRAffinitySameSite=c8fb3b5a823bfbb2d788ddf199e5ecc35671bb8032d40fd8731abd02a1110dbd;Path=/;HttpOnly;SameSite=None;Secure;Domain=sanctuary-portal.scm.azurewebsites.net" Content-Length="0" X-ARR-LOG-ID="41514b65-e704-40f1-8322-8835011e6641" CLIENT-IP="172.183.94.162:9253" X-SITE-DEPLOYMENT-ID="sanctuary-portal" WAS-DEFAULT-HOSTNAME="sanctuary-portal.scm.azurewebsites.net" X-Forwarded-Proto="https" X-AppService-Proto="https" X-Forwarded-TlsVersion="1.3" X-WAWS-Unencoded-URL="/api/deployments/latest?deployer=GITHUB_ZIP_DEPLOY&amp;time=2025-10-24_01-37-41Z" X-Client-IP="172.183.94.162" X-Client-Port="9253" >
  <step title="Cleanup Xml Logs" date="2025-10-24T01:40:33.010" >
    <step title="Cleanup Infos" date="2025-10-24T01:40:33.076" totalFiles="248" totalCleanup="88" /><!-- duration: 10ms -->
  </step><!-- duration: 90ms -->
  <step title="DeploymentService.GetResult" date="2025-10-24T01:40:33.122" >
    <step title="DeploymentService.GetLatestDeployment" date="2025-10-24T01:40:33.135" >
      <step title="DeploymentManager.GetResults" date="2025-10-24T01:40:33.172" /><!-- duration: 1023ms -->
    </step><!-- duration: 1069ms -->
  </step><!-- duration: 1084ms -->
  <step title="Outgoing response" date="2025-10-24T01:40:34.223" type="response" statusCode="202" statusText="Accepted" /><!-- duration: 10ms -->
</step><!-- duration: 1233ms -->
