<step title="Incoming Request" date="2025-10-24T10:22:54.550" instance="c8fb3b" url="/api/deployments/latest?deployer=GITHUB_ZIP_DEPLOY&amp;time=2025-10-24_10-22-54Z" method="GET" type="request" pid="827,1,36" Host="sanctuary-portal.scm.azurewebsites.net" User-Agent="GITHUBACTIONS_DeployWebAppToAzure_bf4c71b5cd9aa1c94ef4a54f1c9bb6e95e8a6094c4209a1ecbcd493e852244de" Authorization="Bea..." Content-Type="application/json; charset=utf-8" Cookie="ARRAffinity=c8fb3b5a823bfbb2d788ddf199e5ecc35671bb8032d40fd8731abd02a1110dbd;Path=/;HttpOnly;Secure;Domain=sanctuary-portal.scm.azurewebsites.net; ARRAffinitySameSite=c8fb3b5a823bfbb2d788ddf199e5ecc35671bb8032d40fd8731abd02a1110dbd;Path=/;HttpOnly;SameSite=None;Secure;Domain=sanctuary-portal.scm.azurewebsites.net" Content-Length="0" X-ARR-LOG-ID="603cbead-217e-4d21-a4be-1d7b850f16a8" CLIENT-IP="172.184.209.184:6144" X-SITE-DEPLOYMENT-ID="sanctuary-portal" WAS-DEFAULT-HOSTNAME="sanctuary-portal.scm.azurewebsites.net" X-Forwarded-Proto="https" X-AppService-Proto="https" X-Forwarded-TlsVersion="1.3" X-WAWS-Unencoded-URL="/api/deployments/latest?deployer=GITHUB_ZIP_DEPLOY&amp;time=2025-10-24_10-22-54Z" X-Client-IP="172.184.209.184" X-Client-Port="6144" >
  <step title="Cleanup Xml Logs" date="2025-10-24T10:22:54.587" >
    <step title="Cleanup Infos" date="2025-10-24T10:22:54.599" totalFiles="382" totalCleanup="222" /><!-- duration: 3ms -->
  </step><!-- duration: 21ms -->
  <step title="DeploymentService.GetResult" date="2025-10-24T10:22:54.647" >
    <step title="DeploymentService.GetLatestDeployment" date="2025-10-24T10:22:54.651" >
      <step title="DeploymentManager.GetResults" date="2025-10-24T10:22:54.662" /><!-- duration: 2202ms -->
    </step><!-- duration: 2226ms -->
  </step><!-- duration: 2248ms -->
  <step title="Outgoing response" date="2025-10-24T10:22:56.914" type="response" statusCode="202" statusText="Accepted" /><!-- duration: 7ms -->
</step><!-- duration: 2374ms -->
