<step title="BackgroundTrace" date="2025-10-24T08:55:18.533" instance="c8fb3b" url="/api/zipdeploy" method="POST" >
  <step title="Cleanup Xml Logs" date="2025-10-24T08:55:18.536" >
    <step title="Cleanup Infos" date="2025-10-24T08:55:18.550" totalFiles="371" totalCleanup="211" /><!-- duration: 3ms -->
  </step><!-- duration: 18ms -->
  <step title="Creating temporary deployment - FetchDeploymentManager" date="2025-10-24T08:55:18.600" /><!-- duration: 1ms -->
  <step title="Creating temporary deployment" date="2025-10-24T08:55:18.607" /><!-- duration: 89ms -->
  <step title="Performing fetch based deployment" date="2025-10-24T08:55:18.731" >
    <step title="Deployment timer started" date="2025-10-24T08:55:22.154" >
      <step title="DeploymentManager.Deploy(id:10634759-b916-4cd8-abba-7692000f86f2)" date="2025-10-24T08:55:22.158" >
        <step title="Collecting changeset information" date="2025-10-24T08:55:22.177" /><!-- duration: 160ms -->
        <step title="Updating submodules" date="2025-10-24T08:55:22.340" /><!-- duration: 1131ms -->
        <step title="Determining deployment builder" date="2025-10-24T08:55:23.671" >
          <step title="Builder is RunFromZipSiteBuilder" date="2025-10-24T08:55:23.696" /><!-- duration: 2ms -->
        </step><!-- duration: 39ms -->
        <step title="PreDeployment: context.CleanOutputPath False" date="2025-10-24T08:55:23.764" >
          <step title="PreDeployment: context.OutputPath /home/site/wwwroot" date="2025-10-24T08:55:23.884" >
            <step title="Building" date="2025-10-24T08:55:24.051" >
              <step title="Triggering recycle (preview mode disabled)." date="2025-10-24T08:55:24.485" /><!-- duration: 3ms -->
              <step title="Modified file to trigger a restart of the app container." date="2025-10-24T08:55:24.518" /><!-- duration: 6ms -->
              <step title="Skip function trigger and logicapp sync because function is not enabled." date="2025-10-24T08:55:24.534" /><!-- duration: 21ms -->
              <step title="Purge deployment items" date="2025-10-24T08:55:25.860" >
                <step title="Remove fa00436e-, Success, received at 10/24/2025 01:25:41" date="2025-10-24T08:55:25.944" /><!-- duration: 1ms -->
              </step><!-- duration: 87ms -->
            </step><!-- duration: 1956ms -->
          </step><!-- duration: 2124ms -->
          <step title="Cleaning up temp files" date="2025-10-24T08:55:26.010" /><!-- duration: 20ms -->
          <step title="Cleaning up temp files" date="2025-10-24T08:55:26.032" /><!-- duration: 532ms -->
          <step title="Reloading status file with latest updates" date="2025-10-24T08:55:27.503" >
            <step title="WebHooksManager.PublishEventAsync: PostDeployment" date="2025-10-24T08:55:27.512" /><!-- duration: 86ms -->
          </step><!-- duration: 104ms -->
          <step title="Cleaning up temporary deployment - fetch deployment was successful" date="2025-10-24T08:55:27.616" /><!-- duration: 1ms -->
        </step><!-- duration: 3998ms -->
      </step><!-- duration: 5710ms -->
