<step title="Incoming Request" date="2025-10-31T08:25:12.854" instance="c8fb3b" url="/api/zipdeploy?isAsync=true" method="POST" type="request" pid="827,1,33" Accept="*/*" Host="sanctuary-portal.scm.azurewebsites.net" User-Agent="AZURECLI/2.77.0 (MSI)" Accept-Encoding="gzip, deflate" Authorization="Bas..." Cache-Control="no-cache" Content-Type="application/octet-stream" Content-Length="290307" x-ms-client-request-id="1c728011-b633-11f0-856b-145afc07e81c" x-ms-artifact-checksum="e36489c4987acac9e0a3fb5bfe435315acf8a8e6aa0d5182b98ba0877d105705" X-ARR-LOG-ID="1c728011-b633-11f0-856b-145afc07e81c" CLIENT-IP="203.211.76.36:30545" X-SITE-DEPLOYMENT-ID="sanctuary-portal" WAS-DEFAULT-HOSTNAME="sanctuary-portal.scm.azurewebsites.net" X-Forwarded-Proto="https" X-AppService-Proto="https" X-Forwarded-TlsVersion="1.3" X-WAWS-Unencoded-URL="/api/zipdeploy?isAsync=true" X-Client-IP="203.211.76.36" X-Client-Port="30545" >
  <step title="Cleanup Xml Logs" date="2025-10-31T08:25:12.856" >
    <step title="Cleanup Infos" date="2025-10-31T08:25:12.863" totalFiles="426" totalCleanup="266" /><!-- duration: 2ms -->
  </step><!-- duration: 11ms -->
  <step title="ZipPushDeploy" date="2025-10-31T08:25:12.873" >
    <step title="ZipDeploy. Run from package." date="2025-10-31T08:25:12.897" /><!-- duration: 2ms -->
    <step title="Starting PushDeployAsync" date="2025-10-31T08:25:12.907" /><!-- duration: 2ms -->
    <step title="WEBSITE_RUN_FROM_PACKAGE is set to 1. Writing zip to SitePackagesPath" date="2025-10-31T08:25:12.936" /><!-- duration: 2ms -->
    <step title="Copying zip to SitePackages /home/data/SitePackages/20251031082512.zip from request body" date="2025-10-31T08:25:12.949" /><!-- duration: 17ms -->
    <step title="Writing multipart request body to /home/data/SitePackages/20251031082512.zip" date="2025-10-31T08:25:12.974" /><!-- duration: 23ms -->
    <step title="Deleting outdated zip file /home/data/SitePackages/20251024141102.zip" date="2025-10-31T08:25:13.041" /><!-- duration: 44ms -->
    <step title="Start deployment in the background" date="2025-10-31T08:25:13.095" >
      <step title="Acquiring Deployment Lock" date="2025-10-31T08:25:13.114" /><!-- duration: 2ms -->
      <step title="Acquired Deployment Lock" date="2025-10-31T08:25:13.143" /><!-- duration: 2ms -->
    </step><!-- duration: 97ms -->
  </step><!-- duration: 321ms -->
  <step title="Outgoing response" date="2025-10-31T08:25:13.196" type="response" statusCode="202" statusText="Accepted" /><!-- duration: 1ms -->
</step><!-- duration: 345ms -->
