<step title="Incoming Request" date="2025-10-24T01:38:30.568" instance="c8fb3b" url="/api/deployments/latest?deployer=GITHUB_ZIP_DEPLOY&amp;time=2025-10-24_01-37-41Z" method="GET" type="request" pid="823,1,17" Host="sanctuary-portal.scm.azurewebsites.net" User-Agent="GITHUBACTIONS_DeployWebAppToAzure_bf4c71b5cd9aa1c94ef4a54f1c9bb6e95e8a6094c4209a1ecbcd493e852244de" Authorization="Bea..." Content-Type="application/json; charset=utf-8" Cookie="ARRAffinity=c8fb3b5a823bfbb2d788ddf199e5ecc35671bb8032d40fd8731abd02a1110dbd;Path=/;HttpOnly;Secure;Domain=sanctuary-portal.scm.azurewebsites.net; ARRAffinitySameSite=c8fb3b5a823bfbb2d788ddf199e5ecc35671bb8032d40fd8731abd02a1110dbd;Path=/;HttpOnly;SameSite=None;Secure;Domain=sanctuary-portal.scm.azurewebsites.net" Content-Length="0" X-ARR-LOG-ID="303fe46e-8529-45de-94da-18a0f0188bc8" CLIENT-IP="172.183.94.162:9239" X-SITE-DEPLOYMENT-ID="sanctuary-portal" WAS-DEFAULT-HOSTNAME="sanctuary-portal.scm.azurewebsites.net" X-Forwarded-Proto="https" X-AppService-Proto="https" X-Forwarded-TlsVersion="1.3" X-WAWS-Unencoded-URL="/api/deployments/latest?deployer=GITHUB_ZIP_DEPLOY&amp;time=2025-10-24_01-37-41Z" X-Client-IP="172.183.94.162" X-Client-Port="9239" >
  <step title="Cleanup Xml Logs" date="2025-10-24T01:38:30.573" >
    <step title="Cleanup Infos" date="2025-10-24T01:38:30.579" totalFiles="231" totalCleanup="71" /><!-- duration: 2ms -->
  </step><!-- duration: 10ms -->
  <step title="DeploymentService.GetResult" date="2025-10-24T01:38:30.588" >
    <step title="DeploymentService.GetLatestDeployment" date="2025-10-24T01:38:30.592" >
      <step title="DeploymentManager.GetResults" date="2025-10-24T01:38:30.594" /><!-- duration: 690ms -->
    </step><!-- duration: 695ms -->
  </step><!-- duration: 701ms -->
  <step title="Outgoing response" date="2025-10-24T01:38:31.291" type="response" statusCode="202" statusText="Accepted" /><!-- duration: 6ms -->
</step><!-- duration: 730ms -->
