<step title="BackgroundTrace" date="2025-10-19T01:10:32.686" instance="c8fb3b" url="/api/zipdeploy" method="POST" >
  <step title="Creating temporary deployment - FetchDeploymentManager" date="2025-10-19T01:10:32.789" /><!-- duration: 3ms -->
  <step title="Creating temporary deployment" date="2025-10-19T01:10:32.799" /><!-- duration: 135ms -->
  <step title="Performing fetch based deployment" date="2025-10-19T01:10:32.982" >
    <step title="Cleaning up temp folders from previous zip deployments and extracting pushed zip file /tmp/zipdeploy/046921e4-f42f-41eb-8633-e47294e0a6ad.zip (0.24 MB) to /tmp/zipdeploy/extracted" date="2025-10-19T01:10:34.268" >
      <step title="ChmodRecursive Process exited with total time taken in ms: 80" date="2025-10-19T01:10:34.472" /><!-- duration: 10ms -->
    </step><!-- duration: 222ms -->
    <step title="Deployment timer started" date="2025-10-19T01:10:36.515" >
      <step title="DeploymentManager.Deploy(id:ba9b3c65-f3ed-4776-9e09-d0efce19dad2)" date="2025-10-19T01:10:36.536" >
        <step title="Collecting changeset information" date="2025-10-19T01:10:36.574" /><!-- duration: 112ms -->
        <step title="Updating submodules" date="2025-10-19T01:10:36.696" /><!-- duration: 1147ms -->
        <step title="Determining deployment builder" date="2025-10-19T01:10:38.045" >
          <step title="Builder is BasicBuilder" date="2025-10-19T01:10:38.061" /><!-- duration: 9ms -->
        </step><!-- duration: 35ms -->
        <step title="PreDeployment: context.CleanOutputPath False" date="2025-10-19T01:10:38.137" >
          <step title="PreDeployment: context.OutputPath /home/site/wwwroot" date="2025-10-19T01:10:38.248" >
            <step title="Building" date="2025-10-19T01:10:38.405" >
              <step title="Executing external process" date="2025-10-19T01:10:38.703" type="process" path="starter.sh" arguments="/opt/Kudu/Scripts/parallel_rsync.sh /tmp/zipdeploy/extracted /home/site/wwwroot 8 /tmp/ False True  " /><!-- duration: 6699ms -->
              <step title="Triggering recycle (preview mode disabled)." date="2025-10-19T01:10:45.782" /><!-- duration: 8ms -->
              <step title="Modified file to trigger a restart of the app container." date="2025-10-19T01:10:45.829" /><!-- duration: 2ms -->
              <step title="Skip function trigger and logicapp sync because function is not enabled." date="2025-10-19T01:10:45.838" /><!-- duration: 9ms -->
            </step><!-- duration: 8068ms -->
          </step><!-- duration: 8228ms -->
          <step title="Cleaning up temp files" date="2025-10-19T01:10:46.477" /><!-- duration: 5ms -->
          <step title="Cleaning up temp files" date="2025-10-19T01:10:46.502" /><!-- duration: 511ms -->
          <step title="Reloading status file with latest updates" date="2025-10-19T01:10:47.031" >
            <step title="WebHooksManager.PublishEventAsync: PostDeployment" date="2025-10-19T01:10:47.035" /><!-- duration: 106ms -->
          </step><!-- duration: 117ms -->
          <step title="Cleaning up temporary deployment - fetch deployment was successful" date="2025-10-19T01:10:47.153" /><!-- duration: 7ms -->
        </step><!-- duration: 9109ms -->
      </step><!-- duration: 10719ms -->
