<step title="BackgroundTrace" date="2025-10-31T09:23:57.538" instance="c8fb3b" url="/api/zipdeploy" method="POST" >
  <step title="Cleanup Xml Logs" date="2025-10-31T09:23:57.544" >
    <step title="Cleanup Infos" date="2025-10-31T09:23:57.571" totalFiles="454" totalCleanup="294" /><!-- duration: 3ms -->
  </step><!-- duration: 32ms -->
  <step title="Creating temporary deployment - FetchDeploymentManager" date="2025-10-31T09:23:57.715" /><!-- duration: 8ms -->
  <step title="Creating temporary deployment" date="2025-10-31T09:23:57.725" /><!-- duration: 180ms -->
  <step title="Performing fetch based deployment" date="2025-10-31T09:23:58.179" >
    <step title="Deployment timer started" date="2025-10-31T09:24:01.747" >
      <step title="DeploymentManager.Deploy(id:84fb87b2-8aa3-4b69-b7a2-6a11d417278e)" date="2025-10-31T09:24:01.841" >
        <step title="Collecting changeset information" date="2025-10-31T09:24:01.971" /><!-- duration: 278ms -->
        <step title="Updating submodules" date="2025-10-31T09:24:02.296" /><!-- duration: 1402ms -->
        <step title="Determining deployment builder" date="2025-10-31T09:24:05.117" >
          <step title="Builder is RunFromZipSiteBuilder" date="2025-10-31T09:24:05.138" /><!-- duration: 2ms -->
        </step><!-- duration: 39ms -->
        <step title="PreDeployment: context.CleanOutputPath False" date="2025-10-31T09:24:05.232" >
          <step title="PreDeployment: context.OutputPath /home/site/wwwroot" date="2025-10-31T09:24:05.354" >
            <step title="Building" date="2025-10-31T09:24:05.511" >
              <step title="Triggering recycle (preview mode disabled)." date="2025-10-31T09:24:05.850" /><!-- duration: 7ms -->
              <step title="Modified file to trigger a restart of the app container." date="2025-10-31T09:24:05.899" /><!-- duration: 2ms -->
              <step title="Skip function trigger and logicapp sync because function is not enabled." date="2025-10-31T09:24:05.915" /><!-- duration: 11ms -->
              <step title="Purge deployment items" date="2025-10-31T09:24:07.205" >
                <step title="Remove 2da596b1-, Success, received at 10/24/2025 10:50:07" date="2025-10-31T09:24:07.262" /><!-- duration: 2ms -->
              </step><!-- duration: 61ms -->
            </step><!-- duration: 1834ms -->
          </step><!-- duration: 1993ms -->
          <step title="Cleaning up temp files" date="2025-10-31T09:24:07.348" /><!-- duration: 4ms -->
          <step title="Cleaning up temp files" date="2025-10-31T09:24:07.361" /><!-- duration: 521ms -->
          <step title="Reloading status file with latest updates" date="2025-10-31T09:24:07.905" >
            <step title="WebHooksManager.PublishEventAsync: PostDeployment" date="2025-10-31T09:24:07.909" /><!-- duration: 102ms -->
          </step><!-- duration: 112ms -->
          <step title="Cleaning up temporary deployment - fetch deployment was successful" date="2025-10-31T09:24:08.020" /><!-- duration: 1ms -->
        </step><!-- duration: 2861ms -->
      </step><!-- duration: 6294ms -->
