<step title="Incoming Request" date="2025-10-24T02:56:44.061" instance="c8fb3b" url="/api/deployments/latest?deployer=GITHUB_ZIP_DEPLOY&amp;time=2025-10-24_02-56-43Z" method="GET" type="request" pid="823,1,15" Host="sanctuary-portal.scm.azurewebsites.net" User-Agent="GITHUBACTIONS_DeployWebAppToAzure_bf4c71b5cd9aa1c94ef4a54f1c9bb6e95e8a6094c4209a1ecbcd493e852244de" Authorization="Bea..." Content-Type="application/json; charset=utf-8" Cookie="ARRAffinity=c8fb3b5a823bfbb2d788ddf199e5ecc35671bb8032d40fd8731abd02a1110dbd;Path=/;HttpOnly;Secure;Domain=sanctuary-portal.scm.azurewebsites.net; ARRAffinitySameSite=c8fb3b5a823bfbb2d788ddf199e5ecc35671bb8032d40fd8731abd02a1110dbd;Path=/;HttpOnly;SameSite=None;Secure;Domain=sanctuary-portal.scm.azurewebsites.net" Content-Length="0" X-ARR-LOG-ID="ab11b9a5-14f2-4a90-8092-dc75f02c3561" CLIENT-IP="20.163.82.241:12296" X-SITE-DEPLOYMENT-ID="sanctuary-portal" WAS-DEFAULT-HOSTNAME="sanctuary-portal.scm.azurewebsites.net" X-Forwarded-Proto="https" X-AppService-Proto="https" X-Forwarded-TlsVersion="1.3" X-WAWS-Unencoded-URL="/api/deployments/latest?deployer=GITHUB_ZIP_DEPLOY&amp;time=2025-10-24_02-56-43Z" X-Client-IP="20.163.82.241" X-Client-Port="12296" >
  <step title="Cleanup Xml Logs" date="2025-10-24T02:56:44.063" >
    <step title="Cleanup Infos" date="2025-10-24T02:56:44.071" totalFiles="348" totalCleanup="188" /><!-- duration: 2ms -->
  </step><!-- duration: 12ms -->
  <step title="DeploymentService.GetResult" date="2025-10-24T02:56:44.084" >
    <step title="DeploymentService.GetLatestDeployment" date="2025-10-24T02:56:44.088" >
      <step title="DeploymentManager.GetResults" date="2025-10-24T02:56:44.089" /><!-- duration: 550ms -->
    </step><!-- duration: 555ms -->
  </step><!-- duration: 564ms -->
  <step title="Outgoing response" date="2025-10-24T02:56:44.657" type="response" statusCode="202" statusText="Accepted" /><!-- duration: 2ms -->
</step><!-- duration: 599ms -->
