<step title="BackgroundTrace" date="2025-10-24T10:22:54.029" instance="c8fb3b" url="/api/zipdeploy" method="POST" >
  <step title="Creating temporary deployment - FetchDeploymentManager" date="2025-10-24T10:22:54.112" /><!-- duration: 1ms -->
  <step title="Creating temporary deployment" date="2025-10-24T10:22:54.118" /><!-- duration: 83ms -->
  <step title="Performing fetch based deployment" date="2025-10-24T10:22:54.229" >
    <step title="Deployment timer started" date="2025-10-24T10:22:58.991" >
      <step title="DeploymentManager.Deploy(id:7866fafa-b007-494c-ad05-db69683df09a)" date="2025-10-24T10:22:58.996" >
        <step title="Collecting changeset information" date="2025-10-24T10:22:59.024" /><!-- duration: 133ms -->
        <step title="Updating submodules" date="2025-10-24T10:22:59.159" /><!-- duration: 1111ms -->
        <step title="Determining deployment builder" date="2025-10-24T10:23:00.470" >
          <step title="Builder is RunFromZipSiteBuilder" date="2025-10-24T10:23:00.491" /><!-- duration: 8ms -->
        </step><!-- duration: 31ms -->
        <step title="PreDeployment: context.CleanOutputPath False" date="2025-10-24T10:23:00.544" >
          <step title="PreDeployment: context.OutputPath /home/site/wwwroot" date="2025-10-24T10:23:00.651" >
            <step title="Building" date="2025-10-24T10:23:00.776" >
              <step title="Triggering recycle (preview mode disabled)." date="2025-10-24T10:23:01.150" /><!-- duration: 2ms -->
              <step title="Modified file to trigger a restart of the app container." date="2025-10-24T10:23:01.181" /><!-- duration: 6ms -->
              <step title="Skip function trigger and logicapp sync because function is not enabled." date="2025-10-24T10:23:01.190" /><!-- duration: 6ms -->
              <step title="Purge deployment items" date="2025-10-24T10:23:02.505" >
                <step title="Remove 1637ca03-, Success, received at 10/24/2025 02:10:12" date="2025-10-24T10:23:02.574" /><!-- duration: 2ms -->
              </step><!-- duration: 75ms -->
            </step><!-- duration: 1878ms -->
          </step><!-- duration: 2005ms -->
          <step title="Cleaning up temp files" date="2025-10-24T10:23:02.659" /><!-- duration: 4ms -->
          <step title="Cleaning up temp files" date="2025-10-24T10:23:02.665" /><!-- duration: 536ms -->
          <step title="Reloading status file with latest updates" date="2025-10-24T10:23:04.259" >
            <step title="WebHooksManager.PublishEventAsync: PostDeployment" date="2025-10-24T10:23:04.264" /><!-- duration: 43ms -->
          </step><!-- duration: 50ms -->
          <step title="Cleaning up temporary deployment - fetch deployment was successful" date="2025-10-24T10:23:04.330" /><!-- duration: 2ms -->
        </step><!-- duration: 3834ms -->
      </step><!-- duration: 5403ms -->
