<step title="BackgroundTrace" date="2025-10-24T08:46:16.800" instance="c8fb3b" url="/api/zipdeploy" method="POST" >
  <step title="Cleanup Xml Logs" date="2025-10-24T08:46:16.820" >
    <step title="Cleanup Infos" date="2025-10-24T08:46:16.856" totalFiles="366" totalCleanup="206" /><!-- duration: 3ms -->
  </step><!-- duration: 42ms -->
  <step title="Creating temporary deployment - FetchDeploymentManager" date="2025-10-24T08:46:17.084" /><!-- duration: 2ms -->
  <step title="Creating temporary deployment" date="2025-10-24T08:46:17.088" /><!-- duration: 104ms -->
  <step title="Performing fetch based deployment" date="2025-10-24T08:46:17.262" >
    <step title="Deployment timer started" date="2025-10-24T08:46:20.600" >
      <step title="DeploymentManager.Deploy(id:7cb8eced-e941-4035-8dad-f312fb526cbe)" date="2025-10-24T08:46:20.611" >
        <step title="Collecting changeset information" date="2025-10-24T08:46:20.669" /><!-- duration: 132ms -->
        <step title="Updating submodules" date="2025-10-24T08:46:20.805" /><!-- duration: 1153ms -->
        <step title="Determining deployment builder" date="2025-10-24T08:46:22.201" >
          <step title="Builder is RunFromZipSiteBuilder" date="2025-10-24T08:46:22.217" /><!-- duration: 11ms -->
        </step><!-- duration: 40ms -->
        <step title="PreDeployment: context.CleanOutputPath False" date="2025-10-24T08:46:22.303" >
          <step title="PreDeployment: context.OutputPath /home/site/wwwroot" date="2025-10-24T08:46:22.425" >
            <step title="Building" date="2025-10-24T08:46:22.557" >
              <step title="Triggering recycle (preview mode disabled)." date="2025-10-24T08:46:22.964" /><!-- duration: 4ms -->
              <step title="Modified file to trigger a restart of the app container." date="2025-10-24T08:46:22.993" /><!-- duration: 2ms -->
              <step title="Skip function trigger and logicapp sync because function is not enabled." date="2025-10-24T08:46:23.011" /><!-- duration: 11ms -->
              <step title="Purge deployment items" date="2025-10-24T08:46:24.263" >
                <step title="Remove d0033b68-, Success, received at 10/24/2025 01:14:43" date="2025-10-24T08:46:24.335" /><!-- duration: 3ms -->
              </step><!-- duration: 79ms -->
            </step><!-- duration: 1863ms -->
          </step><!-- duration: 1997ms -->
          <step title="Cleaning up temp files" date="2025-10-24T08:46:24.424" /><!-- duration: 6ms -->
          <step title="Cleaning up temp files" date="2025-10-24T08:46:24.445" /><!-- duration: 537ms -->
          <step title="Reloading status file with latest updates" date="2025-10-24T08:46:25.078" >
            <step title="WebHooksManager.PublishEventAsync: PostDeployment" date="2025-10-24T08:46:25.116" /><!-- duration: 102ms -->
          </step><!-- duration: 142ms -->
          <step title="Cleaning up temporary deployment - fetch deployment was successful" date="2025-10-24T08:46:25.238" /><!-- duration: 2ms -->
        </step><!-- duration: 3628ms -->
      </step><!-- duration: 5461ms -->
