<step title="Incoming Request" date="2025-10-31T09:23:54.586" instance="c8fb3b" url="/api/zipdeploy?isAsync=true" method="POST" type="request" pid="831,1,5" Accept="*/*" Host="sanctuary-portal.scm.azurewebsites.net" User-Agent="AZURECLI/2.78.0 (MSI)" Accept-Encoding="gzip, deflate" Authorization="Bas..." Cache-Control="no-cache" Content-Type="application/octet-stream" Content-Length="290487" x-ms-client-request-id="4fb458ab-b63b-11f0-806b-145afc07e81c" x-ms-artifact-checksum="2698bcf435c0426237fd437c5e751d3b91b92bb7189cf844f9cc5ef0c9e68f45" X-ARR-LOG-ID="4fb458ab-b63b-11f0-806b-145afc07e81c" CLIENT-IP="203.211.76.36:19720" X-SITE-DEPLOYMENT-ID="sanctuary-portal" WAS-DEFAULT-HOSTNAME="sanctuary-portal.scm.azurewebsites.net" X-Forwarded-Proto="https" X-AppService-Proto="https" X-Forwarded-TlsVersion="1.3" X-WAWS-Unencoded-URL="/api/zipdeploy?isAsync=true" X-Client-IP="203.211.76.36" X-Client-Port="19720" >
  <step title="ZipPushDeploy" date="2025-10-31T09:23:57.208" >
    <step title="ZipDeploy. Run from package." date="2025-10-31T09:23:57.225" /><!-- duration: 5ms -->
    <step title="None repository commit" date="2025-10-31T09:23:57.237" >
      <step title="Commit id: 84fb87b2-8aa3-4b69-b7a2-6a11d417278e" date="2025-10-31T09:23:57.239" Message="N/A" AuthorName="N/A" AuthorEmail="N/A" /><!-- duration: 6ms -->
    </step><!-- duration: 11ms -->
    <step title="Starting PushDeployAsync" date="2025-10-31T09:23:57.250" /><!-- duration: 6ms -->
    <step title="WEBSITE_RUN_FROM_PACKAGE is set to 1. Writing zip to SitePackagesPath" date="2025-10-31T09:23:57.277" /><!-- duration: 9ms -->
    <step title="Copying zip to SitePackages /home/data/SitePackages/20251031092357.zip from request body" date="2025-10-31T09:23:57.297" /><!-- duration: 19ms -->
    <step title="Writing multipart request body to /home/data/SitePackages/20251031092357.zip" date="2025-10-31T09:23:57.326" /><!-- duration: 12ms -->
    <step title="Deleting outdated zip file /home/data/SitePackages/20251031081821.zip" date="2025-10-31T09:23:57.489" /><!-- duration: 26ms -->
    <step title="Start deployment in the background" date="2025-10-31T09:23:57.534" >
      <step title="Acquiring Deployment Lock" date="2025-10-31T09:23:57.592" /><!-- duration: 8ms -->
      <step title="Acquired Deployment Lock" date="2025-10-31T09:23:57.704" /><!-- duration: 9ms -->
    </step><!-- duration: 375ms -->
  </step><!-- duration: 720ms -->
  <step title="Outgoing response" date="2025-10-31T09:23:58.073" type="response" statusCode="202" statusText="Accepted" /><!-- duration: 10ms -->
</step><!-- duration: 3505ms -->
