<step title="Incoming Request" date="2025-10-24T02:09:21.746" instance="c8fb3b" url="/api/zipdeploy?isAsync=true&amp;deployer=GITHUB_ZIP_DEPLOY&amp;message=%7B%22type%22%3A%22deployment%22%2C%22sha%22%3A%2276dadb377f2a02ad745ccfa82453480171c89b80%22%2C%22repoName%22%3A%22opsvantage-digital%2Fmarz-avatar-interface%22%2C%22actor%22%3A%22opsvantage-digital%22%2C%22slotName%22%3A%22production%22%2C%22commitMessage%22%3A%22Fix%3A%20Enable%20shell%20for%20Windows%20in%20start%20script%22%7D" method="POST" type="request" pid="823,1,55" Host="sanctuary-portal.scm.azurewebsites.net" User-Agent="GITHUBACTIONS_DeployWebAppToAzure_bf4c71b5cd9aa1c94ef4a54f1c9bb6e95e8a6094c4209a1ecbcd493e852244de" Authorization="Bea..." Content-Type="application/octet-stream" Cookie="ARRAffinity=c8fb3b5a823bfbb2d788ddf199e5ecc35671bb8032d40fd8731abd02a1110dbd;Path=/;HttpOnly;Secure;Domain=sanctuary-portal.scm.azurewebsites.net; ARRAffinitySameSite=c8fb3b5a823bfbb2d788ddf199e5ecc35671bb8032d40fd8731abd02a1110dbd;Path=/;HttpOnly;SameSite=None;Secure;Domain=sanctuary-portal.scm.azurewebsites.net" Transfer-Encoding="chunked" X-ARR-LOG-ID="fccd953e-1091-45be-87d0-186991058962" CLIENT-IP="128.24.161.34:39952" X-SITE-DEPLOYMENT-ID="sanctuary-portal" WAS-DEFAULT-HOSTNAME="sanctuary-portal.scm.azurewebsites.net" X-Forwarded-Proto="https" X-AppService-Proto="https" X-Forwarded-TlsVersion="1.3" X-WAWS-Unencoded-URL="/api/zipdeploy?isAsync=true&amp;deployer=GITHUB_ZIP_DEPLOY&amp;message=%7B%22type%22%3A%22deployment%22%2C%22sha%22%3A%2276dadb377f2a02ad745ccfa82453480171c89b80%22%2C%22repoName%22%3A%22opsvantage-digital%2Fmarz-avatar-interface%22%2C%22actor%22%3A%22opsvantage-digital%22%2C%22slotName%22%3A%22production%22%2C%22commitMessage%22%3A%22Fix%3A%20Enable%20shell%20for%20Windows%20in%20start%20script%22%7D" X-Client-IP="128.24.161.34" X-Client-Port="39952" >
  <step title="Cleanup Xml Logs" date="2025-10-24T02:09:21.773" >
    <step title="Cleanup Infos" date="2025-10-24T02:09:21.786" totalFiles="255" totalCleanup="95" /><!-- duration: 19ms -->
  </step><!-- duration: 33ms -->
  <step title="ZipPushDeploy" date="2025-10-24T02:09:21.848" >
    <step title="ZipDeploy. Extract zip." date="2025-10-24T02:09:21.855" /><!-- duration: 2ms -->
    <step title="Starting PushDeployAsync" date="2025-10-24T02:09:21.864" /><!-- duration: 2ms -->
    <step title="Removing node_modules symlink" date="2025-10-24T02:09:21.891" >
      <step title="Removing _del_node_modules symlink" date="2025-10-24T02:09:22.024" >
        <step title="Writing artifact to /tmp/zipdeploy/674ba73e-fba7-43ec-b704-fd6fb0c477c4.zip" date="2025-10-24T02:09:22.081" >
          <step title="Writing multipart request body to /tmp/zipdeploy/674ba73e-fba7-43ec-b704-fd6fb0c477c4.zip" date="2025-10-24T02:09:22.090" /><!-- duration: 9ms -->
        </step><!-- duration: 10440ms -->
        <step title="Removing previous build artifact&apos;s manifest file" date="2025-10-24T02:09:32.533" >
          <step title="Start deployment in the background" date="2025-10-24T02:09:32.580" >
            <step title="Acquiring Deployment Lock" date="2025-10-24T02:09:32.635" /><!-- duration: 1ms -->
            <step title="Acquired Deployment Lock" date="2025-10-24T02:09:32.690" /><!-- duration: 3ms -->
          </step><!-- duration: 553ms -->
        </step><!-- duration: 838ms -->
        <step title="Outgoing response" date="2025-10-24T02:09:33.381" type="response" statusCode="202" statusText="Accepted" /><!-- duration: 9ms -->
      </step><!-- duration: 11368ms -->
