<step title="Incoming Request" date="2025-10-31T06:40:15.615" instance="c8fb3b" url="/api/zipdeploy?isAsync=true" method="POST" type="request" pid="827,1,68" Accept="*/*" Host="sanctuary-portal.scm.azurewebsites.net" User-Agent="AZURECLI/2.77.0 (MSI)" Accept-Encoding="gzip, deflate" Authorization="Bas..." Cache-Control="no-cache" Content-Type="application/octet-stream" Content-Length="290307" x-ms-client-request-id="72dbf520-b624-11f0-8ec2-145afc07e81c" x-ms-artifact-checksum="e36489c4987acac9e0a3fb5bfe435315acf8a8e6aa0d5182b98ba0877d105705" X-ARR-LOG-ID="72dbf520-b624-11f0-8ec2-145afc07e81c" CLIENT-IP="203.211.76.36:43776" X-SITE-DEPLOYMENT-ID="sanctuary-portal" WAS-DEFAULT-HOSTNAME="sanctuary-portal.scm.azurewebsites.net" X-Forwarded-Proto="https" X-AppService-Proto="https" X-Forwarded-TlsVersion="1.3" X-WAWS-Unencoded-URL="/api/zipdeploy?isAsync=true" X-Client-IP="203.211.76.36" X-Client-Port="43776" >
  <step title="Cleanup Xml Logs" date="2025-10-31T06:40:15.667" >
    <step title="Cleanup Infos" date="2025-10-31T06:40:15.703" totalFiles="404" totalCleanup="244" /><!-- duration: 13ms -->
  </step><!-- duration: 56ms -->
  <step title="ZipPushDeploy" date="2025-10-31T06:40:15.851" >
    <step title="ZipDeploy. Run from package." date="2025-10-31T06:40:15.869" /><!-- duration: 2ms -->
    <step title="Starting PushDeployAsync" date="2025-10-31T06:40:15.879" /><!-- duration: 2ms -->
    <step title="WEBSITE_RUN_FROM_PACKAGE is set to 1. Writing zip to SitePackagesPath" date="2025-10-31T06:40:15.897" /><!-- duration: 5ms -->
    <step title="Copying zip to SitePackages /home/data/SitePackages/20251031064015.zip from request body" date="2025-10-31T06:40:15.914" /><!-- duration: 2ms -->
    <step title="Writing multipart request body to /home/data/SitePackages/20251031064015.zip" date="2025-10-31T06:40:15.921" /><!-- duration: 9ms -->
    <step title="Deleting outdated zip file /home/data/SitePackages/20251024102251.zip" date="2025-10-31T06:40:16.223" /><!-- duration: 11ms -->
    <step title="Start deployment in the background" date="2025-10-31T06:40:16.244" >
      <step title="Acquiring Deployment Lock" date="2025-10-31T06:40:16.296" /><!-- duration: 2ms -->
      <step title="Acquired Deployment Lock" date="2025-10-31T06:40:16.337" /><!-- duration: 5ms -->
    </step><!-- duration: 287ms -->
  </step><!-- duration: 703ms -->
  <step title="Outgoing response" date="2025-10-31T06:40:16.583" type="response" statusCode="202" statusText="Accepted" /><!-- duration: 5ms -->
</step><!-- duration: 974ms -->
