<step title="Incoming Request" date="2025-10-24T01:27:04.728" instance="c8fb3b" url="/api/deployments/latest?deployer=GITHUB_ZIP_DEPLOY&amp;time=2025-10-24_01-24-31Z" method="GET" type="request" pid="823,1,25" Host="sanctuary-portal.scm.azurewebsites.net" User-Agent="GITHUBACTIONS_DeployWebAppToAzure_bf4c71b5cd9aa1c94ef4a54f1c9bb6e95e8a6094c4209a1ecbcd493e852244de" Authorization="Bea..." Content-Type="application/json; charset=utf-8" Cookie="ARRAffinity=c8fb3b5a823bfbb2d788ddf199e5ecc35671bb8032d40fd8731abd02a1110dbd;Path=/;HttpOnly;Secure;Domain=sanctuary-portal.scm.azurewebsites.net; ARRAffinitySameSite=c8fb3b5a823bfbb2d788ddf199e5ecc35671bb8032d40fd8731abd02a1110dbd;Path=/;HttpOnly;SameSite=None;Secure;Domain=sanctuary-portal.scm.azurewebsites.net" Content-Length="0" X-ARR-LOG-ID="0632bc88-44c9-46d9-82e4-62690b0da9aa" CLIENT-IP="40.116.73.182:30722" X-SITE-DEPLOYMENT-ID="sanctuary-portal" WAS-DEFAULT-HOSTNAME="sanctuary-portal.scm.azurewebsites.net" X-Forwarded-Proto="https" X-AppService-Proto="https" X-Forwarded-TlsVersion="1.3" X-WAWS-Unencoded-URL="/api/deployments/latest?deployer=GITHUB_ZIP_DEPLOY&amp;time=2025-10-24_01-24-31Z" X-Client-IP="40.116.73.182" X-Client-Port="30722" >
  <step title="Cleanup Xml Logs" date="2025-10-24T01:27:04.736" >
    <step title="Cleanup Infos" date="2025-10-24T01:27:04.749" totalFiles="204" totalCleanup="44" /><!-- duration: 18ms -->
  </step><!-- duration: 41ms -->
  <step title="DeploymentService.GetResult" date="2025-10-24T01:27:04.788" >
    <step title="DeploymentService.GetLatestDeployment" date="2025-10-24T01:27:04.796" >
      <step title="DeploymentManager.GetResults" date="2025-10-24T01:27:04.798" /><!-- duration: 1111ms -->
    </step><!-- duration: 1140ms -->
  </step><!-- duration: 1160ms -->
  <step title="Outgoing response" date="2025-10-24T01:27:05.964" type="response" statusCode="202" statusText="Accepted" /><!-- duration: 2ms -->
</step><!-- duration: 1245ms -->
