<step title="Incoming Request" date="2025-10-24T03:07:55.918" instance="c8fb3b" url="/api/zipdeploy?isAsync=true&amp;deployer=GITHUB_ZIP_DEPLOY&amp;message=%7B%22type%22%3A%22deployment%22%2C%22sha%22%3A%22b9beadfc2196bb70bc224a32dfd862e20d493752%22%2C%22repoName%22%3A%22opsvantage-digital%2Fmarz-avatar-interface%22%2C%22actor%22%3A%22opsvantage-digital%22%2C%22slotName%22%3A%22production%22%2C%22commitMessage%22%3A%22ci%3A%20add%20smoke%20tests%20for%20%2F%20and%20%2Fabout%20after%20health%20check%22%7D" method="POST" type="request" pid="827,1,16" Host="sanctuary-portal.scm.azurewebsites.net" User-Agent="GITHUBACTIONS_DeployWebAppToAzure_bf4c71b5cd9aa1c94ef4a54f1c9bb6e95e8a6094c4209a1ecbcd493e852244de" Authorization="Bea..." Content-Type="application/octet-stream" Cookie="ARRAffinity=c8fb3b5a823bfbb2d788ddf199e5ecc35671bb8032d40fd8731abd02a1110dbd;Path=/;HttpOnly;Secure;Domain=sanctuary-portal.scm.azurewebsites.net; ARRAffinitySameSite=c8fb3b5a823bfbb2d788ddf199e5ecc35671bb8032d40fd8731abd02a1110dbd;Path=/;HttpOnly;SameSite=None;Secure;Domain=sanctuary-portal.scm.azurewebsites.net" Transfer-Encoding="chunked" X-ARR-LOG-ID="2b5a643e-e93c-4ca5-9e25-a0b1f69c92d6" CLIENT-IP="172.200.183.244:48128" X-SITE-DEPLOYMENT-ID="sanctuary-portal" WAS-DEFAULT-HOSTNAME="sanctuary-portal.scm.azurewebsites.net" X-Forwarded-Proto="https" X-AppService-Proto="https" X-Forwarded-TlsVersion="1.3" X-WAWS-Unencoded-URL="/api/zipdeploy?isAsync=true&amp;deployer=GITHUB_ZIP_DEPLOY&amp;message=%7B%22type%22%3A%22deployment%22%2C%22sha%22%3A%22b9beadfc2196bb70bc224a32dfd862e20d493752%22%2C%22repoName%22%3A%22opsvantage-digital%2Fmarz-avatar-interface%22%2C%22actor%22%3A%22opsvantage-digital%22%2C%22slotName%22%3A%22production%22%2C%22commitMessage%22%3A%22ci%3A%20add%20smoke%20tests%20for%20%2F%20and%20%2Fabout%20after%20health%20check%22%7D" X-Client-IP="172.200.183.244" X-Client-Port="48128" >
  <step title="Cleanup Xml Logs" date="2025-10-24T03:07:55.920" >
    <step title="Cleanup Infos" date="2025-10-24T03:07:55.938" totalFiles="355" totalCleanup="195" /><!-- duration: 10ms -->
  </step><!-- duration: 30ms -->
  <step title="ZipPushDeploy" date="2025-10-24T03:07:56.204" >
    <step title="ZipDeploy. Run from package." date="2025-10-24T03:07:56.214" /><!-- duration: 2ms -->
    <step title="None repository commit" date="2025-10-24T03:07:56.232" >
      <step title="Commit id: 2c0823de-fd73-4b09-a98e-ebf390a29dbd" date="2025-10-24T03:07:56.234" Message="N/A" AuthorName="N/A" AuthorEmail="N/A" /><!-- duration: 7ms -->
    </step><!-- duration: 12ms -->
    <step title="Starting PushDeployAsync" date="2025-10-24T03:07:56.252" /><!-- duration: 2ms -->
    <step title="WEBSITE_RUN_FROM_PACKAGE is set to 1. Writing zip to SitePackagesPath" date="2025-10-24T03:07:56.272" /><!-- duration: 7ms -->
    <step title="Copying zip to SitePackages /home/data/SitePackages/20251024030756.zip from request body" date="2025-10-24T03:07:56.288" /><!-- duration: 2ms -->
    <step title="Writing multipart request body to /home/data/SitePackages/20251024030756.zip" date="2025-10-24T03:07:56.297" /><!-- duration: 3ms -->
    <step title="Start deployment in the background" date="2025-10-24T03:07:59.859" >
      <step title="Acquiring Deployment Lock" date="2025-10-24T03:07:59.914" /><!-- duration: 3ms -->
      <step title="Acquired Deployment Lock" date="2025-10-24T03:08:00.002" /><!-- duration: 2ms -->
    </step><!-- duration: 271ms -->
  </step><!-- duration: 3936ms -->
  <step title="Outgoing response" date="2025-10-24T03:08:00.159" type="response" statusCode="202" statusText="Accepted" /><!-- duration: 2ms -->
</step><!-- duration: 4244ms -->
