<step title="BackgroundTrace" date="2025-10-24T02:43:32.417" instance="c8fb3b" url="/api/zipdeploy" method="POST" >
  <step title="Creating temporary deployment - FetchDeploymentManager" date="2025-10-24T02:43:32.536" /><!-- duration: 1ms -->
  <step title="Creating temporary deployment" date="2025-10-24T02:43:32.541" /><!-- duration: 92ms -->
  <step title="Performing fetch based deployment" date="2025-10-24T02:43:32.656" >
    <step title="Cleaning up temp folders from previous zip deployments and extracting pushed zip file /tmp/zipdeploy/e4b14dfe-883f-46a6-afd3-5b3fa832a681.zip (36.50 MB) to /tmp/zipdeploy/extracted" date="2025-10-24T02:43:33.919" >
      <step title="ChmodRecursive Process exited with total time taken in ms: 370" date="2025-10-24T02:43:41.017" /><!-- duration: 20ms -->
    </step><!-- duration: 7128ms -->
    <step title="Deployment timer started" date="2025-10-24T02:43:43.103" >
      <step title="DeploymentManager.Deploy(id:f653703d-41ef-4056-9637-feef1ac06b0c)" date="2025-10-24T02:43:43.113" >
        <step title="Collecting changeset information" date="2025-10-24T02:43:43.184" /><!-- duration: 147ms -->
        <step title="Updating submodules" date="2025-10-24T02:43:43.352" /><!-- duration: 1236ms -->
        <step title="Determining deployment builder" date="2025-10-24T02:43:44.911" >
          <step title="Builder is BasicBuilder" date="2025-10-24T02:43:44.950" /><!-- duration: 2ms -->
        </step><!-- duration: 48ms -->
        <step title="PreDeployment: context.CleanOutputPath False" date="2025-10-24T02:43:45.047" >
          <step title="PreDeployment: context.OutputPath /home/site/wwwroot" date="2025-10-24T02:43:45.158" >
            <step title="Building" date="2025-10-24T02:43:45.276" >
              <step title="Executing external process" date="2025-10-24T02:43:45.509" type="process" path="starter.sh" arguments="/opt/Kudu/Scripts/parallel_rsync.sh /tmp/zipdeploy/extracted /home/site/wwwroot 8 /tmp/ False True  " /><!-- duration: 45066ms -->
              <step title="Triggering recycle (preview mode disabled)." date="2025-10-24T02:44:30.807" /><!-- duration: 5ms -->
              <step title="Modified file to trigger a restart of the app container." date="2025-10-24T02:44:30.842" /><!-- duration: 4ms -->
              <step title="Skip function trigger and logicapp sync because function is not enabled." date="2025-10-24T02:44:30.860" /><!-- duration: 10ms -->
              <step title="Purge deployment items" date="2025-10-24T02:44:31.969" >
                <step title="Remove 954b73ea-, Success, received at 10/19/2025 01:52:01" date="2025-10-24T02:44:32.013" /><!-- duration: 1ms -->
              </step><!-- duration: 47ms -->
            </step><!-- duration: 46815ms -->
          </step><!-- duration: 46936ms -->
          <step title="Cleaning up temp files" date="2025-10-24T02:44:32.095" /><!-- duration: 3ms -->
          <step title="Cleaning up temp files" date="2025-10-24T02:44:32.115" /><!-- duration: 511ms -->
          <step title="Reloading status file with latest updates" date="2025-10-24T02:44:32.958" >
            <step title="WebHooksManager.PublishEventAsync: PostDeployment" date="2025-10-24T02:44:32.970" /><!-- duration: 92ms -->
          </step><!-- duration: 107ms -->
          <step title="Cleaning up temporary deployment - fetch deployment was successful" date="2025-10-24T02:44:33.093" /><!-- duration: 2ms -->
        </step><!-- duration: 48363ms -->
      </step><!-- duration: 50310ms -->
