<step title="Incoming Request" date="2025-10-24T01:26:25.339" instance="c8fb3b" url="/api/zipdeploy?isAsync=true&amp;deployer=GITHUB_ZIP_DEPLOY&amp;message=%7B%22type%22%3A%22deployment%22%2C%22sha%22%3A%22a2160e969f9182a873590aee6ee1228e4fed6f55%22%2C%22repoName%22%3A%22opsvantage-digital%2Fmarz-avatar-interface%22%2C%22actor%22%3A%22opsvantage-digital%22%2C%22slotName%22%3A%22production%22%2C%22commitMessage%22%3A%22Remove%20accidentally%20committed%20log%20files%22%7D" method="POST" type="request" pid="823,1,25" Host="sanctuary-portal.scm.azurewebsites.net" User-Agent="GITHUBACTIONS_DeployWebAppToAzure_bf4c71b5cd9aa1c94ef4a54f1c9bb6e95e8a6094c4209a1ecbcd493e852244de" Authorization="Bea..." Content-Type="application/octet-stream" Cookie="ARRAffinity=c8fb3b5a823bfbb2d788ddf199e5ecc35671bb8032d40fd8731abd02a1110dbd;Path=/;HttpOnly;Secure;Domain=sanctuary-portal.scm.azurewebsites.net; ARRAffinitySameSite=c8fb3b5a823bfbb2d788ddf199e5ecc35671bb8032d40fd8731abd02a1110dbd;Path=/;HttpOnly;SameSite=None;Secure;Domain=sanctuary-portal.scm.azurewebsites.net" Transfer-Encoding="chunked" X-ARR-LOG-ID="6b6efcc6-b5a3-408e-8843-85b7e66d1886" CLIENT-IP="172.182.226.135:26624" X-SITE-DEPLOYMENT-ID="sanctuary-portal" WAS-DEFAULT-HOSTNAME="sanctuary-portal.scm.azurewebsites.net" X-Forwarded-Proto="https" X-AppService-Proto="https" X-Forwarded-TlsVersion="1.3" X-WAWS-Unencoded-URL="/api/zipdeploy?isAsync=true&amp;deployer=GITHUB_ZIP_DEPLOY&amp;message=%7B%22type%22%3A%22deployment%22%2C%22sha%22%3A%22a2160e969f9182a873590aee6ee1228e4fed6f55%22%2C%22repoName%22%3A%22opsvantage-digital%2Fmarz-avatar-interface%22%2C%22actor%22%3A%22opsvantage-digital%22%2C%22slotName%22%3A%22production%22%2C%22commitMessage%22%3A%22Remove%20accidentally%20committed%20log%20files%22%7D" X-Client-IP="172.182.226.135" X-Client-Port="26624" >
  <step title="Cleanup Xml Logs" date="2025-10-24T01:26:25.357" /><!-- duration: 12ms -->
  <step title="ZipPushDeploy" date="2025-10-24T01:26:25.400" >
    <step title="ZipDeploy. Extract zip." date="2025-10-24T01:26:25.430" /><!-- duration: 11ms -->
    <step title="Starting PushDeployAsync" date="2025-10-24T01:26:25.458" /><!-- duration: 1ms -->
    <step title="Writing artifact to /tmp/zipdeploy/d688c1c8-f39e-4de7-a3bb-f1e29be07ca3.zip" date="2025-10-24T01:26:25.478" >
      <step title="Writing multipart request body to /tmp/zipdeploy/d688c1c8-f39e-4de7-a3bb-f1e29be07ca3.zip" date="2025-10-24T01:26:25.498" /><!-- duration: 32ms -->
    </step><!-- duration: 10274ms -->
    <step title="Start deployment in the background" date="2025-10-24T01:26:35.831" >
      <step title="Acquiring Deployment Lock" date="2025-10-24T01:26:35.945" /><!-- duration: 13ms -->
      <step title="Cannot Acquire Deployment Lock already held" date="2025-10-24T01:26:35.986" /><!-- duration: 10ms -->
    </step><!-- duration: 272ms -->
    <step title="There is a deployment currently in progress. Please try again when it completes." date="2025-10-24T01:26:36.143" /><!-- duration: 10ms -->
  </step><!-- duration: 10772ms -->
  <step title="Outgoing response" date="2025-10-24T01:26:36.209" type="response" statusCode="409" statusText="Conflict" /><!-- duration: 25ms -->
</step><!-- duration: 10908ms -->
