<step title="Incoming Request" date="2025-10-24T02:21:45.629" instance="c8fb3b" url="/api/deployments/latest?deployer=GITHUB_ZIP_DEPLOY&amp;time=2025-10-24_02-18-57Z" method="GET" type="request" pid="823,1,15" Host="sanctuary-portal.scm.azurewebsites.net" User-Agent="GITHUBACTIONS_DeployWebAppToAzure_bf4c71b5cd9aa1c94ef4a54f1c9bb6e95e8a6094c4209a1ecbcd493e852244de" Authorization="Bea..." Content-Type="application/json; charset=utf-8" Cookie="ARRAffinity=c8fb3b5a823bfbb2d788ddf199e5ecc35671bb8032d40fd8731abd02a1110dbd;Path=/;HttpOnly;Secure;Domain=sanctuary-portal.scm.azurewebsites.net; ARRAffinitySameSite=c8fb3b5a823bfbb2d788ddf199e5ecc35671bb8032d40fd8731abd02a1110dbd;Path=/;HttpOnly;SameSite=None;Secure;Domain=sanctuary-portal.scm.azurewebsites.net" Content-Length="0" X-ARR-LOG-ID="1c4b0117-0538-4e6b-96da-0afdd7727543" CLIENT-IP="132.196.32.65:36872" X-SITE-DEPLOYMENT-ID="sanctuary-portal" WAS-DEFAULT-HOSTNAME="sanctuary-portal.scm.azurewebsites.net" X-Forwarded-Proto="https" X-AppService-Proto="https" X-Forwarded-TlsVersion="1.3" X-WAWS-Unencoded-URL="/api/deployments/latest?deployer=GITHUB_ZIP_DEPLOY&amp;time=2025-10-24_02-18-57Z" X-Client-IP="132.196.32.65" X-Client-Port="36872" >
  <step title="Cleanup Xml Logs" date="2025-10-24T02:21:45.645" >
    <step title="Cleanup Infos" date="2025-10-24T02:21:45.682" totalFiles="314" totalCleanup="154" /><!-- duration: 39ms -->
  </step><!-- duration: 95ms -->
  <step title="DeploymentService.GetResult" date="2025-10-24T02:21:45.779" >
    <step title="DeploymentService.GetLatestDeployment" date="2025-10-24T02:21:45.787" >
      <step title="DeploymentManager.GetResults" date="2025-10-24T02:21:45.788" /><!-- duration: 1334ms -->
    </step><!-- duration: 1345ms -->
  </step><!-- duration: 1354ms -->
  <step title="Outgoing response" date="2025-10-24T02:21:47.144" type="response" statusCode="202" statusText="Accepted" /><!-- duration: 19ms -->
</step><!-- duration: 1542ms -->
