<step title="Incoming Request" date="2025-10-24T01:40:25.632" instance="c8fb3b" url="/api/deployments/latest?deployer=GITHUB_ZIP_DEPLOY&amp;time=2025-10-24_01-37-41Z" method="GET" type="request" pid="823,1,16" Host="sanctuary-portal.scm.azurewebsites.net" User-Agent="GITHUBACTIONS_DeployWebAppToAzure_bf4c71b5cd9aa1c94ef4a54f1c9bb6e95e8a6094c4209a1ecbcd493e852244de" Authorization="Bea..." Content-Type="application/json; charset=utf-8" Cookie="ARRAffinity=c8fb3b5a823bfbb2d788ddf199e5ecc35671bb8032d40fd8731abd02a1110dbd;Path=/;HttpOnly;Secure;Domain=sanctuary-portal.scm.azurewebsites.net; ARRAffinitySameSite=c8fb3b5a823bfbb2d788ddf199e5ecc35671bb8032d40fd8731abd02a1110dbd;Path=/;HttpOnly;SameSite=None;Secure;Domain=sanctuary-portal.scm.azurewebsites.net" Content-Length="0" X-ARR-LOG-ID="6a134436-b4d6-4311-9dce-827990e491e0" CLIENT-IP="172.183.94.162:9252" X-SITE-DEPLOYMENT-ID="sanctuary-portal" WAS-DEFAULT-HOSTNAME="sanctuary-portal.scm.azurewebsites.net" X-Forwarded-Proto="https" X-AppService-Proto="https" X-Forwarded-TlsVersion="1.3" X-WAWS-Unencoded-URL="/api/deployments/latest?deployer=GITHUB_ZIP_DEPLOY&amp;time=2025-10-24_01-37-41Z" X-Client-IP="172.183.94.162" X-Client-Port="9252" >
  <step title="Cleanup Xml Logs" date="2025-10-24T01:40:25.640" >
    <step title="Cleanup Infos" date="2025-10-24T01:40:25.727" totalFiles="247" totalCleanup="87" /><!-- duration: 21ms -->
  </step><!-- duration: 129ms -->
  <step title="DeploymentService.GetResult" date="2025-10-24T01:40:25.807" >
    <step title="DeploymentService.GetLatestDeployment" date="2025-10-24T01:40:25.826" >
      <step title="DeploymentManager.GetResults" date="2025-10-24T01:40:25.890" /><!-- duration: 1165ms -->
    </step><!-- duration: 1250ms -->
  </step><!-- duration: 1287ms -->
  <step title="Outgoing response" date="2025-10-24T01:40:27.113" type="response" statusCode="202" statusText="Accepted" /><!-- duration: 13ms -->
</step><!-- duration: 1511ms -->
