<step title="Incoming Request" date="2025-10-31T09:02:40.119" instance="1ee237" url="/api/zipdeploy?isAsync=true" method="POST" type="request" pid="821,1,17" Accept="*/*" Host="sanctuary-portal.scm.azurewebsites.net" User-Agent="AZURECLI/2.77.0 (MSI)" Accept-Encoding="gzip, deflate" Authorization="Bas..." Cache-Control="no-cache" Content-Type="application/octet-stream" Content-Length="290307" x-ms-client-request-id="5708b8d9-b638-11f0-ac3b-145afc07e81c" x-ms-artifact-checksum="e36489c4987acac9e0a3fb5bfe435315acf8a8e6aa0d5182b98ba0877d105705" X-ARR-LOG-ID="5708b8d9-b638-11f0-ac3b-145afc07e81c" CLIENT-IP="203.211.76.36:19815" X-SITE-DEPLOYMENT-ID="sanctuary-portal" WAS-DEFAULT-HOSTNAME="sanctuary-portal.scm.azurewebsites.net" X-Forwarded-Proto="https" X-AppService-Proto="https" X-Forwarded-TlsVersion="1.3" X-WAWS-Unencoded-URL="/api/zipdeploy?isAsync=true" X-Client-IP="203.211.76.36" X-Client-Port="19815" >
  <step title="Cleanup Xml Logs" date="2025-10-31T09:02:40.125" >
    <step title="Cleanup Infos" date="2025-10-31T09:02:40.159" totalFiles="435" totalCleanup="275" /><!-- duration: 9ms -->
  </step><!-- duration: 51ms -->
  <step title="ZipPushDeploy" date="2025-10-31T09:02:40.248" >
    <step title="ZipDeploy. Run from package." date="2025-10-31T09:02:40.259" /><!-- duration: 5ms -->
    <step title="None repository commit" date="2025-10-31T09:02:40.276" >
      <step title="Commit id: 9a34e020-2226-4f3d-b8f7-9e85b7a4ad55" date="2025-10-31T09:02:40.281" Message="N/A" AuthorName="N/A" AuthorEmail="N/A" /><!-- duration: 4ms -->
    </step><!-- duration: 13ms -->
    <step title="Starting PushDeployAsync" date="2025-10-31T09:02:40.297" /><!-- duration: 4ms -->
    <step title="WEBSITE_RUN_FROM_PACKAGE is set to 1. Writing zip to SitePackagesPath" date="2025-10-31T09:02:40.323" /><!-- duration: 9ms -->
    <step title="Copying zip to SitePackages /home/data/SitePackages/20251031090240.zip from request body" date="2025-10-31T09:02:40.340" /><!-- duration: 4ms -->
    <step title="Writing multipart request body to /home/data/SitePackages/20251031090240.zip" date="2025-10-31T09:02:40.352" /><!-- duration: 19ms -->
    <step title="Deleting outdated zip file /home/data/SitePackages/20251024161045.zip" date="2025-10-31T09:02:40.537" /><!-- duration: 14ms -->
    <step title="Start deployment in the background" date="2025-10-31T09:02:40.563" >
      <step title="Acquiring Deployment Lock" date="2025-10-31T09:02:40.591" /><!-- duration: 11ms -->
      <step title="Acquired Deployment Lock" date="2025-10-31T09:02:40.683" /><!-- duration: 5ms -->
    </step><!-- duration: 225ms -->
  </step><!-- duration: 553ms -->
  <step title="Outgoing response" date="2025-10-31T09:02:40.818" type="response" statusCode="202" statusText="Accepted" /><!-- duration: 4ms -->
</step><!-- duration: 707ms -->
