<step title="Incoming Request" date="2025-10-31T09:19:33.311" instance="c8fb3b" url="/api/zipdeploy?isAsync=true" method="POST" type="request" pid="829,1,5" Accept="*/*" Host="sanctuary-portal.scm.azurewebsites.net" User-Agent="AZURECLI/2.78.0 (MSI)" Accept-Encoding="gzip, deflate" Authorization="Bas..." Cache-Control="no-cache" Content-Type="application/octet-stream" Content-Length="290487" x-ms-client-request-id="b3689855-b63a-11f0-b8f5-145afc07e81c" x-ms-artifact-checksum="2698bcf435c0426237fd437c5e751d3b91b92bb7189cf844f9cc5ef0c9e68f45" X-ARR-LOG-ID="b3689855-b63a-11f0-b8f5-145afc07e81c" CLIENT-IP="203.211.76.36:19714" X-SITE-DEPLOYMENT-ID="sanctuary-portal" WAS-DEFAULT-HOSTNAME="sanctuary-portal.scm.azurewebsites.net" X-Forwarded-Proto="https" X-AppService-Proto="https" X-Forwarded-TlsVersion="1.3" X-WAWS-Unencoded-URL="/api/zipdeploy?isAsync=true" X-Client-IP="203.211.76.36" X-Client-Port="19714" >
  <step title="ZipPushDeploy" date="2025-10-31T09:19:34.399" >
    <step title="ZipDeploy. Run from package." date="2025-10-31T09:19:34.522" /><!-- duration: 3ms -->
    <step title="None repository commit" date="2025-10-31T09:19:34.541" >
      <step title="Commit id: 4ca70135-964a-4653-91a2-34438d1c0e71" date="2025-10-31T09:19:34.543" Message="N/A" AuthorName="N/A" AuthorEmail="N/A" /><!-- duration: 1ms -->
    </step><!-- duration: 5ms -->
    <step title="Starting PushDeployAsync" date="2025-10-31T09:19:34.548" /><!-- duration: 2ms -->
    <step title="WEBSITE_RUN_FROM_PACKAGE is set to 1. Writing zip to SitePackagesPath" date="2025-10-31T09:19:34.572" /><!-- duration: 2ms -->
    <step title="Copying zip to SitePackages /home/data/SitePackages/20251031091934.zip from request body" date="2025-10-31T09:19:34.584" /><!-- duration: 2ms -->
    <step title="Writing multipart request body to /home/data/SitePackages/20251031091934.zip" date="2025-10-31T09:19:34.590" /><!-- duration: 2ms -->
    <step title="Deleting outdated zip file /home/data/SitePackages/20251031064015.zip" date="2025-10-31T09:19:34.788" /><!-- duration: 8ms -->
    <step title="Start deployment in the background" date="2025-10-31T09:19:34.826" >
      <step title="Acquiring Deployment Lock" date="2025-10-31T09:19:34.924" /><!-- duration: 5ms -->
      <step title="Acquired Deployment Lock" date="2025-10-31T09:19:35.025" /><!-- duration: 2ms -->
    </step><!-- duration: 321ms -->
  </step><!-- duration: 799ms -->
  <step title="Outgoing response" date="2025-10-31T09:19:35.245" type="response" statusCode="202" statusText="Accepted" /><!-- duration: 9ms -->
</step><!-- duration: 1944ms -->
