<step title="BackgroundTrace" date="2025-10-19T01:33:14.972" instance="c8fb3b" url="/api/zipdeploy" method="POST" >
  <step title="Creating temporary deployment - FetchDeploymentManager" date="2025-10-19T01:33:15.147" /><!-- duration: 7ms -->
  <step title="Creating temporary deployment" date="2025-10-19T01:33:15.193" /><!-- duration: 365ms -->
  <step title="Performing fetch based deployment" date="2025-10-19T01:33:15.644" >
    <step title="Cleaning up temp folders from previous zip deployments and extracting pushed zip file /tmp/zipdeploy/e07d107d-cbe2-46be-9e81-21f1060612cb.zip (0.23 MB) to /tmp/zipdeploy/extracted" date="2025-10-19T01:33:17.001" >
      <step title="ChmodRecursive Process exited with total time taken in ms: 66" date="2025-10-19T01:33:17.286" /><!-- duration: 9ms -->
    </step><!-- duration: 302ms -->
    <step title="Deployment timer started" date="2025-10-19T01:33:19.356" >
      <step title="DeploymentManager.Deploy(id:d3abf315-c716-4489-a04a-35b89db222b7)" date="2025-10-19T01:33:19.376" >
        <step title="Collecting changeset information" date="2025-10-19T01:33:19.475" /><!-- duration: 283ms -->
        <step title="Updating submodules" date="2025-10-19T01:33:19.777" /><!-- duration: 1184ms -->
        <step title="Determining deployment builder" date="2025-10-19T01:33:21.197" >
          <step title="Builder is BasicBuilder" date="2025-10-19T01:33:21.210" /><!-- duration: 10ms -->
        </step><!-- duration: 48ms -->
        <step title="PreDeployment: context.CleanOutputPath False" date="2025-10-19T01:33:21.344" >
          <step title="PreDeployment: context.OutputPath /home/site/wwwroot" date="2025-10-19T01:33:21.487" >
            <step title="Building" date="2025-10-19T01:33:21.635" >
              <step title="Executing external process" date="2025-10-19T01:33:22.007" type="process" path="starter.sh" arguments="/opt/Kudu/Scripts/parallel_rsync.sh /tmp/zipdeploy/extracted /home/site/wwwroot 8 /tmp/ False True  " /><!-- duration: 5851ms -->
              <step title="Triggering recycle (preview mode disabled)." date="2025-10-19T01:33:28.169" /><!-- duration: 9ms -->
              <step title="Modified file to trigger a restart of the app container." date="2025-10-19T01:33:28.211" /><!-- duration: 1ms -->
              <step title="Skip function trigger and logicapp sync because function is not enabled." date="2025-10-19T01:33:28.227" /><!-- duration: 8ms -->
            </step><!-- duration: 7603ms -->
          </step><!-- duration: 7771ms -->
          <step title="Cleaning up temp files" date="2025-10-19T01:33:29.259" /><!-- duration: 5ms -->
          <step title="Cleaning up temp files" date="2025-10-19T01:33:29.274" /><!-- duration: 514ms -->
          <step title="Reloading status file with latest updates" date="2025-10-19T01:33:29.807" >
            <step title="WebHooksManager.PublishEventAsync: PostDeployment" date="2025-10-19T01:33:29.819" /><!-- duration: 98ms -->
          </step><!-- duration: 119ms -->
          <step title="Cleaning up temporary deployment - fetch deployment was successful" date="2025-10-19T01:33:29.955" /><!-- duration: 11ms -->
        </step><!-- duration: 8770ms -->
      </step><!-- duration: 10803ms -->
