<step title="Incoming Request" date="2025-10-19T02:31:04.127" instance="c8fb3b" url="/api/zipdeploy?isAsync=true&amp;deployer=GITHUB_ZIP_DEPLOY&amp;message=%7B%22type%22%3A%22deployment%22%2C%22sha%22%3A%223e75a2c56758cef510e807a9c37249b144c0b7db%22%2C%22repoName%22%3A%22opsvantage-digital%2Fmarz-avatar-interface%22%2C%22actor%22%3A%22opsvantage-digital%22%2C%22slotName%22%3A%22production%22%2C%22commitMessage%22%3A%22infra(frontdoor)%3A%20add%20marz-frontdoor.bicep%20for%20AU%2FNZ%20routing%3B%20docs%3A%20usage%20and%20DNS%20guidance%22%7D" method="POST" type="request" pid="823,1,43" Host="sanctuary-portal.scm.azurewebsites.net" User-Agent="GITHUBACTIONS_DeployWebAppToAzure_bf4c71b5cd9aa1c94ef4a54f1c9bb6e95e8a6094c4209a1ecbcd493e852244de" Authorization="Bas..." Content-Type="application/octet-stream" Cookie="ARRAffinity=c8fb3b5a823bfbb2d788ddf199e5ecc35671bb8032d40fd8731abd02a1110dbd;Path=/;HttpOnly;Secure;Domain=sanctuary-portal.scm.azurewebsites.net; ARRAffinitySameSite=c8fb3b5a823bfbb2d788ddf199e5ecc35671bb8032d40fd8731abd02a1110dbd;Path=/;HttpOnly;SameSite=None;Secure;Domain=sanctuary-portal.scm.azurewebsites.net" Transfer-Encoding="chunked" X-ARR-LOG-ID="0b88b060-16d0-4d14-95ac-b620a3978184" CLIENT-IP="172.182.202.193:61448" X-SITE-DEPLOYMENT-ID="sanctuary-portal" WAS-DEFAULT-HOSTNAME="sanctuary-portal.scm.azurewebsites.net" X-Forwarded-Proto="https" X-AppService-Proto="https" X-Forwarded-TlsVersion="1.3" X-WAWS-Unencoded-URL="/api/zipdeploy?isAsync=true&amp;deployer=GITHUB_ZIP_DEPLOY&amp;message=%7B%22type%22%3A%22deployment%22%2C%22sha%22%3A%223e75a2c56758cef510e807a9c37249b144c0b7db%22%2C%22repoName%22%3A%22opsvantage-digital%2Fmarz-avatar-interface%22%2C%22actor%22%3A%22opsvantage-digital%22%2C%22slotName%22%3A%22production%22%2C%22commitMessage%22%3A%22infra(frontdoor)%3A%20add%20marz-frontdoor.bicep%20for%20AU%2FNZ%20routing%3B%20docs%3A%20usage%20and%20DNS%20guidance%22%7D" X-Client-IP="172.182.202.193" X-Client-Port="61448" >
  <step title="Cleanup Xml Logs" date="2025-10-19T02:31:04.172" /><!-- duration: 123ms -->
  <step title="ZipPushDeploy" date="2025-10-19T02:31:04.373" >
    <step title="ZipDeploy. Extract zip." date="2025-10-19T02:31:04.413" /><!-- duration: 3ms -->
    <step title="Starting PushDeployAsync" date="2025-10-19T02:31:04.450" /><!-- duration: 27ms -->
    <step title="Removing node_modules symlink" date="2025-10-19T02:31:04.637" >
      <step title="Removing _del_node_modules symlink" date="2025-10-19T02:31:05.563" >
        <step title="Writing artifact to /tmp/zipdeploy/ce7ceca1-432b-468e-a6c2-c1cd760889d5.zip" date="2025-10-19T02:31:05.646" >
          <step title="Writing multipart request body to /tmp/zipdeploy/ce7ceca1-432b-468e-a6c2-c1cd760889d5.zip" date="2025-10-19T02:31:05.666" /><!-- duration: 17ms -->
        </step><!-- duration: 10794ms -->
        <step title="Removing previous build artifact&apos;s manifest file" date="2025-10-19T02:31:16.510" >
          <step title="Start deployment in the background" date="2025-10-19T02:31:16.592" >
            <step title="Acquiring Deployment Lock" date="2025-10-19T02:31:16.663" /><!-- duration: 2ms -->
            <step title="Acquired Deployment Lock" date="2025-10-19T02:31:16.760" /><!-- duration: 7ms -->
          </step><!-- duration: 574ms -->
        </step><!-- duration: 679ms -->
        <step title="Outgoing response" date="2025-10-19T02:31:17.194" type="response" statusCode="202" statusText="Accepted" /><!-- duration: 2ms -->
      </step><!-- duration: 11635ms -->
