<step title="BackgroundTrace" date="2025-10-19T01:41:26.058" instance="c8fb3b" url="/api/zipdeploy" method="POST" >
  <step title="Creating temporary deployment - FetchDeploymentManager" date="2025-10-19T01:41:26.143" /><!-- duration: 8ms -->
  <step title="Creating temporary deployment" date="2025-10-19T01:41:26.153" /><!-- duration: 90ms -->
  <step title="Performing fetch based deployment" date="2025-10-19T01:41:26.264" >
    <step title="Cleaning up temp folders from previous zip deployments and extracting pushed zip file /tmp/zipdeploy/a339b0f9-bfbd-461b-9687-c8534c3d0abc.zip (0.23 MB) to /tmp/zipdeploy/extracted" date="2025-10-19T01:41:27.554" >
      <step title="ChmodRecursive Process exited with total time taken in ms: 53" date="2025-10-19T01:41:27.899" /><!-- duration: 19ms -->
    </step><!-- duration: 393ms -->
    <step title="Deployment timer started" date="2025-10-19T01:41:29.986" >
      <step title="DeploymentManager.Deploy(id:19b9e8e9-b383-49cb-aa97-7be58b6bb11a)" date="2025-10-19T01:41:29.990" >
        <step title="Collecting changeset information" date="2025-10-19T01:41:30.009" /><!-- duration: 178ms -->
        <step title="Updating submodules" date="2025-10-19T01:41:30.190" /><!-- duration: 1166ms -->
        <step title="Determining deployment builder" date="2025-10-19T01:41:31.595" >
          <step title="Builder is BasicBuilder" date="2025-10-19T01:41:31.607" /><!-- duration: 18ms -->
        </step><!-- duration: 70ms -->
        <step title="PreDeployment: context.CleanOutputPath False" date="2025-10-19T01:41:31.772" >
          <step title="PreDeployment: context.OutputPath /home/site/wwwroot" date="2025-10-19T01:41:31.925" >
            <step title="Building" date="2025-10-19T01:41:32.100" >
              <step title="Executing external process" date="2025-10-19T01:41:32.407" type="process" path="starter.sh" arguments="/opt/Kudu/Scripts/parallel_rsync.sh /tmp/zipdeploy/extracted /home/site/wwwroot 8 /tmp/ False True  " /><!-- duration: 6749ms -->
              <step title="Triggering recycle (preview mode disabled)." date="2025-10-19T01:41:39.414" /><!-- duration: 11ms -->
              <step title="Modified file to trigger a restart of the app container." date="2025-10-19T01:41:39.491" /><!-- duration: 11ms -->
              <step title="Skip function trigger and logicapp sync because function is not enabled." date="2025-10-19T01:41:39.513" /><!-- duration: 6ms -->
            </step><!-- duration: 8590ms -->
          </step><!-- duration: 8797ms -->
          <step title="Cleaning up temp files" date="2025-10-19T01:41:40.730" /><!-- duration: 28ms -->
          <step title="Cleaning up temp files" date="2025-10-19T01:41:40.778" /><!-- duration: 558ms -->
          <step title="Reloading status file with latest updates" date="2025-10-19T01:41:41.701" >
            <step title="WebHooksManager.PublishEventAsync: PostDeployment" date="2025-10-19T01:41:41.722" /><!-- duration: 79ms -->
          </step><!-- duration: 139ms -->
          <step title="Cleaning up temporary deployment - fetch deployment was successful" date="2025-10-19T01:41:41.908" /><!-- duration: 11ms -->
        </step><!-- duration: 10221ms -->
      </step><!-- duration: 12014ms -->
