<step title="Incoming Request" date="2025-10-24T01:24:21.271" instance="c8fb3b" url="/api/zipdeploy?isAsync=true&amp;deployer=GITHUB_ZIP_DEPLOY&amp;message=%7B%22type%22%3A%22deployment%22%2C%22sha%22%3A%22615301cbccfec30575eece51dd1cc99456263050%22%2C%22repoName%22%3A%22opsvantage-digital%2Fmarz-avatar-interface%22%2C%22actor%22%3A%22opsvantage-digital%22%2C%22slotName%22%3A%22production%22%2C%22commitMessage%22%3A%22Fix%3A%20Deploy%20pre-built%20Next.js%20app%20with%20.next%20directory%5Cn%5Cn-%20Create%20deployment%20package%20with%20build%20artifacts%20(.next)%5Cn-%20Include%20node_modules%2C%20package%20files%2C%20and%20scripts%5Cn-%20Deploy%20only%20necessary%20files%20(not%20source%20code)%5Cn-%20This%20should%20fix%20the%20%27next%3A%20not%20found%27%20error%22%7D" method="POST" type="request" pid="823,1,26" Host="sanctuary-portal.scm.azurewebsites.net" User-Agent="GITHUBACTIONS_DeployWebAppToAzure_bf4c71b5cd9aa1c94ef4a54f1c9bb6e95e8a6094c4209a1ecbcd493e852244de" Authorization="Bea..." Content-Type="application/octet-stream" Cookie="ARRAffinity=c8fb3b5a823bfbb2d788ddf199e5ecc35671bb8032d40fd8731abd02a1110dbd;Path=/;HttpOnly;Secure;Domain=sanctuary-portal.scm.azurewebsites.net; ARRAffinitySameSite=c8fb3b5a823bfbb2d788ddf199e5ecc35671bb8032d40fd8731abd02a1110dbd;Path=/;HttpOnly;SameSite=None;Secure;Domain=sanctuary-portal.scm.azurewebsites.net" Transfer-Encoding="chunked" X-ARR-LOG-ID="e43e8d6b-15dd-44c2-a647-68864b8a249b" CLIENT-IP="40.116.73.182:30720" X-SITE-DEPLOYMENT-ID="sanctuary-portal" WAS-DEFAULT-HOSTNAME="sanctuary-portal.scm.azurewebsites.net" X-Forwarded-Proto="https" X-AppService-Proto="https" X-Forwarded-TlsVersion="1.3" X-WAWS-Unencoded-URL="/api/zipdeploy?isAsync=true&amp;deployer=GITHUB_ZIP_DEPLOY&amp;message=%7B%22type%22%3A%22deployment%22%2C%22sha%22%3A%22615301cbccfec30575eece51dd1cc99456263050%22%2C%22repoName%22%3A%22opsvantage-digital%2Fmarz-avatar-interface%22%2C%22actor%22%3A%22opsvantage-digital%22%2C%22slotName%22%3A%22production%22%2C%22commitMessage%22%3A%22Fix%3A%20Deploy%20pre-built%20Next.js%20app%20with%20.next%20directory%5Cn%5Cn-%20Create%20deployment%20package%20with%20build%20artifacts%20(.next)%5Cn-%20Include%20node_modules%2C%20package%20files%2C%20and%20scripts%5Cn-%20Deploy%20only%20necessary%20files%20(not%20source%20code)%5Cn-%20This%20should%20fix%20the%20%27next%3A%20not%20found%27%20error%22%7D" X-Client-IP="40.116.73.182" X-Client-Port="30720" >
  <step title="Cleanup Xml Logs" date="2025-10-24T01:24:21.277" /><!-- duration: 13ms -->
  <step title="ZipPushDeploy" date="2025-10-24T01:24:21.315" >
    <step title="ZipDeploy. Extract zip." date="2025-10-24T01:24:21.333" /><!-- duration: 9ms -->
    <step title="Starting PushDeployAsync" date="2025-10-24T01:24:21.347" /><!-- duration: 2ms -->
    <step title="Removing node_modules symlink" date="2025-10-24T01:24:21.368" >
      <step title="Writing artifact to /tmp/zipdeploy/b1e8c77d-2ac1-489f-b899-ebe7fd2fec4e.zip" date="2025-10-24T01:24:21.513" >
        <step title="Writing multipart request body to /tmp/zipdeploy/b1e8c77d-2ac1-489f-b899-ebe7fd2fec4e.zip" date="2025-10-24T01:24:21.531" /><!-- duration: 11ms -->
      </step><!-- duration: 9953ms -->
      <step title="Removing previous build artifact&apos;s manifest file" date="2025-10-24T01:24:31.474" >
        <step title="Start deployment in the background" date="2025-10-24T01:24:31.496" >
          <step title="Acquiring Deployment Lock" date="2025-10-24T01:24:31.562" /><!-- duration: 2ms -->
          <step title="Acquired Deployment Lock" date="2025-10-24T01:24:31.610" /><!-- duration: 2ms -->
        </step><!-- duration: 317ms -->
      </step><!-- duration: 371ms -->
      <step title="Outgoing response" date="2025-10-24T01:24:31.849" type="response" statusCode="202" statusText="Accepted" /><!-- duration: 6ms -->
    </step><!-- duration: 10488ms -->
