<step title="Incoming Request" date="2025-10-24T01:39:20.089" instance="c8fb3b" url="/api/deployments/latest?deployer=GITHUB_ZIP_DEPLOY&amp;time=2025-10-24_01-37-41Z" method="GET" type="request" pid="823,1,5" Host="sanctuary-portal.scm.azurewebsites.net" User-Agent="GITHUBACTIONS_DeployWebAppToAzure_bf4c71b5cd9aa1c94ef4a54f1c9bb6e95e8a6094c4209a1ecbcd493e852244de" Authorization="Bea..." Content-Type="application/json; charset=utf-8" Cookie="ARRAffinity=c8fb3b5a823bfbb2d788ddf199e5ecc35671bb8032d40fd8731abd02a1110dbd;Path=/;HttpOnly;Secure;Domain=sanctuary-portal.scm.azurewebsites.net; ARRAffinitySameSite=c8fb3b5a823bfbb2d788ddf199e5ecc35671bb8032d40fd8731abd02a1110dbd;Path=/;HttpOnly;SameSite=None;Secure;Domain=sanctuary-portal.scm.azurewebsites.net" Content-Length="0" X-ARR-LOG-ID="ed7a5499-5a37-4383-a7fa-11262587781e" CLIENT-IP="172.183.94.162:9245" X-SITE-DEPLOYMENT-ID="sanctuary-portal" WAS-DEFAULT-HOSTNAME="sanctuary-portal.scm.azurewebsites.net" X-Forwarded-Proto="https" X-AppService-Proto="https" X-Forwarded-TlsVersion="1.3" X-WAWS-Unencoded-URL="/api/deployments/latest?deployer=GITHUB_ZIP_DEPLOY&amp;time=2025-10-24_01-37-41Z" X-Client-IP="172.183.94.162" X-Client-Port="9245" >
  <step title="Cleanup Xml Logs" date="2025-10-24T01:39:20.101" >
    <step title="Cleanup Infos" date="2025-10-24T01:39:20.149" totalFiles="238" totalCleanup="78" /><!-- duration: 16ms -->
  </step><!-- duration: 84ms -->
  <step title="DeploymentService.GetResult" date="2025-10-24T01:39:20.240" >
    <step title="DeploymentService.GetLatestDeployment" date="2025-10-24T01:39:20.258" >
      <step title="DeploymentManager.GetResults" date="2025-10-24T01:39:20.266" /><!-- duration: 1020ms -->
    </step><!-- duration: 1048ms -->
  </step><!-- duration: 1069ms -->
  <step title="Outgoing response" date="2025-10-24T01:39:21.335" type="response" statusCode="202" statusText="Accepted" /><!-- duration: 38ms -->
</step><!-- duration: 1292ms -->
