<step title="Incoming Request" date="2025-10-24T01:06:31.075" instance="c8fb3b" url="/api/zipdeploy?isAsync=true&amp;deployer=GITHUB_ZIP_DEPLOY&amp;message=%7B%22type%22%3A%22deployment%22%2C%22sha%22%3A%2277d1950647921a4cdc557e321b0b1f51ae32c991%22%2C%22repoName%22%3A%22opsvantage-digital%2Fmarz-avatar-interface%22%2C%22actor%22%3A%22opsvantage-digital%22%2C%22slotName%22%3A%22production%22%2C%22commitMessage%22%3A%22Fix%3A%20Configure%20OIDC%20federated%20credentials%20and%20service%20principal%20permissions%20for%20GitHub%20Actions%20deployment%5Cn%5Cn-%20Created%20federated%20identity%20credentials%20for%20production%20environment%20and%20main%20branch%5Cn-%20Assigned%20Contributor%20role%20to%20service%20principal%20at%20subscription%20level%5Cn-%20Started%20sanctuary-portal%20web%20app%20(was%20stopped)%5Cn-%20OIDC%20authentication%20now%20working%20%E2%9C%93%5Cn-%20Deployment%20succeeding%20%E2%9C%93%5Cn-%20Health%20check%20getting%20403%20(endpoint%20may%20need%20auth%20bypass%20configuration)%22%7D" method="POST" type="request" pid="827,1,32" Host="sanctuary-portal.scm.azurewebsites.net" User-Agent="GITHUBACTIONS_DeployWebAppToAzure_bf4c71b5cd9aa1c94ef4a54f1c9bb6e95e8a6094c4209a1ecbcd493e852244de" Authorization="Bea..." Content-Type="application/octet-stream" Cookie="ARRAffinity=c8fb3b5a823bfbb2d788ddf199e5ecc35671bb8032d40fd8731abd02a1110dbd;Path=/;HttpOnly;Secure;Domain=sanctuary-portal.scm.azurewebsites.net; ARRAffinitySameSite=c8fb3b5a823bfbb2d788ddf199e5ecc35671bb8032d40fd8731abd02a1110dbd;Path=/;HttpOnly;SameSite=None;Secure;Domain=sanctuary-portal.scm.azurewebsites.net" Transfer-Encoding="chunked" X-ARR-LOG-ID="56a38eff-4e6c-47c9-b209-d4327605fd29" CLIENT-IP="64.236.142.131:9280" X-SITE-DEPLOYMENT-ID="sanctuary-portal" WAS-DEFAULT-HOSTNAME="sanctuary-portal.scm.azurewebsites.net" X-Forwarded-Proto="https" X-AppService-Proto="https" X-Forwarded-TlsVersion="1.3" X-WAWS-Unencoded-URL="/api/zipdeploy?isAsync=true&amp;deployer=GITHUB_ZIP_DEPLOY&amp;message=%7B%22type%22%3A%22deployment%22%2C%22sha%22%3A%2277d1950647921a4cdc557e321b0b1f51ae32c991%22%2C%22repoName%22%3A%22opsvantage-digital%2Fmarz-avatar-interface%22%2C%22actor%22%3A%22opsvantage-digital%22%2C%22slotName%22%3A%22production%22%2C%22commitMessage%22%3A%22Fix%3A%20Configure%20OIDC%20federated%20credentials%20and%20service%20principal%20permissions%20for%20GitHub%20Actions%20deployment%5Cn%5Cn-%20Created%20federated%20identity%20credentials%20for%20production%20environment%20and%20main%20branch%5Cn-%20Assigned%20Contributor%20role%20to%20service%20principal%20at%20subscription%20level%5Cn-%20Started%20sanctuary-portal%20web%20app%20(was%20stopped)%5Cn-%20OIDC%20authentication%20now%20working%20%E2%9C%93%5Cn-%20Deployment%20succeeding%20%E2%9C%93%5Cn-%20Health%20check%20getting%20403%20(endpoint%20may%20need%20auth%20bypass%20configuration)%22%7D" X-Client-IP="64.236.142.131" X-Client-Port="9280" >
  <step title="ZipPushDeploy" date="2025-10-24T01:06:31.087" >
    <step title="ZipDeploy. Extract zip." date="2025-10-24T01:06:31.093" /><!-- duration: 2ms -->
    <step title="Starting PushDeployAsync" date="2025-10-24T01:06:31.098" /><!-- duration: 1ms -->
    <step title="Writing artifact to /tmp/zipdeploy/2530ff93-722a-456c-bb8d-43b154959d6b.zip" date="2025-10-24T01:06:31.110" >
      <step title="Writing multipart request body to /tmp/zipdeploy/2530ff93-722a-456c-bb8d-43b154959d6b.zip" date="2025-10-24T01:06:31.112" /><!-- duration: 2ms -->
    </step><!-- duration: 2182ms -->
    <step title="Start deployment in the background" date="2025-10-24T01:06:33.300" >
      <step title="Acquiring Deployment Lock" date="2025-10-24T01:06:33.327" /><!-- duration: 2ms -->
      <step title="Acquired Deployment Lock" date="2025-10-24T01:06:33.345" /><!-- duration: 2ms -->
    </step><!-- duration: 94ms -->
  </step><!-- duration: 2309ms -->
  <step title="Outgoing response" date="2025-10-24T01:06:33.398" type="response" statusCode="202" statusText="Accepted" /><!-- duration: 2ms -->
</step><!-- duration: 2328ms -->
