<step title="Incoming Request" date="2025-10-24T08:18:50.481" instance="c8fb3b" url="/api/deployments/latest?deployer=GITHUB_ZIP_DEPLOY&amp;time=2025-10-24_08-18-49Z" method="GET" type="request" pid="827,1,48" Host="sanctuary-portal.scm.azurewebsites.net" User-Agent="GITHUBACTIONS_DeployWebAppToAzure_bf4c71b5cd9aa1c94ef4a54f1c9bb6e95e8a6094c4209a1ecbcd493e852244de" Authorization="Bea..." Content-Type="application/json; charset=utf-8" Cookie="ARRAffinity=c8fb3b5a823bfbb2d788ddf199e5ecc35671bb8032d40fd8731abd02a1110dbd;Path=/;HttpOnly;Secure;Domain=sanctuary-portal.scm.azurewebsites.net; ARRAffinitySameSite=c8fb3b5a823bfbb2d788ddf199e5ecc35671bb8032d40fd8731abd02a1110dbd;Path=/;HttpOnly;SameSite=None;Secure;Domain=sanctuary-portal.scm.azurewebsites.net" Content-Length="0" X-ARR-LOG-ID="803e96b4-140a-48d9-be47-49cb0c9fae57" CLIENT-IP="20.168.109.193:45064" X-SITE-DEPLOYMENT-ID="sanctuary-portal" WAS-DEFAULT-HOSTNAME="sanctuary-portal.scm.azurewebsites.net" X-Forwarded-Proto="https" X-AppService-Proto="https" X-Forwarded-TlsVersion="1.3" X-WAWS-Unencoded-URL="/api/deployments/latest?deployer=GITHUB_ZIP_DEPLOY&amp;time=2025-10-24_08-18-49Z" X-Client-IP="20.168.109.193" X-Client-Port="45064" >
  <step title="Cleanup Xml Logs" date="2025-10-24T08:18:50.484" >
    <step title="Cleanup Infos" date="2025-10-24T08:18:50.496" totalFiles="362" totalCleanup="202" /><!-- duration: 5ms -->
  </step><!-- duration: 19ms -->
  <step title="DeploymentService.GetResult" date="2025-10-24T08:18:50.525" >
    <step title="DeploymentService.GetLatestDeployment" date="2025-10-24T08:18:50.528" >
      <step title="DeploymentManager.GetResults" date="2025-10-24T08:18:50.533" /><!-- duration: 1024ms -->
    </step><!-- duration: 1034ms -->
  </step><!-- duration: 1041ms -->
  <step title="Outgoing response" date="2025-10-24T08:18:51.585" type="response" statusCode="202" statusText="Accepted" /><!-- duration: 2ms -->
</step><!-- duration: 1108ms -->
