<step title="Incoming Request" date="2025-10-24T14:11:02.279" instance="c8fb3b" url="/api/zipdeploy?isAsync=true&amp;deployer=GITHUB_ZIP_DEPLOY&amp;message=%7B%22type%22%3A%22deployment%22%2C%22sha%22%3A%22d5c8f080ee4831cba0055b3ca7f70db15a5760ba%22%2C%22repoName%22%3A%22opsvantage-digital%2Fmarz-avatar-interface%22%2C%22actor%22%3A%22opsvantage-digital%22%2C%22slotName%22%3A%22production%22%2C%22commitMessage%22%3A%22CI%3A%20add%20custom%20domain%20checks%20for%20marz.opsvantagedigital.online%20after%20deploy%22%7D" method="POST" type="request" pid="827,1,52" Host="sanctuary-portal.scm.azurewebsites.net" User-Agent="GITHUBACTIONS_DeployWebAppToAzure_bf4c71b5cd9aa1c94ef4a54f1c9bb6e95e8a6094c4209a1ecbcd493e852244de" Authorization="Bea..." Content-Type="application/octet-stream" Cookie="ARRAffinity=c8fb3b5a823bfbb2d788ddf199e5ecc35671bb8032d40fd8731abd02a1110dbd;Path=/;HttpOnly;Secure;Domain=sanctuary-portal.scm.azurewebsites.net; ARRAffinitySameSite=c8fb3b5a823bfbb2d788ddf199e5ecc35671bb8032d40fd8731abd02a1110dbd;Path=/;HttpOnly;SameSite=None;Secure;Domain=sanctuary-portal.scm.azurewebsites.net" Transfer-Encoding="chunked" X-ARR-LOG-ID="17659b0b-7eb4-4920-8925-648aafb78ba1" CLIENT-IP="20.49.13.181:22528" X-SITE-DEPLOYMENT-ID="sanctuary-portal" WAS-DEFAULT-HOSTNAME="sanctuary-portal.scm.azurewebsites.net" X-Forwarded-Proto="https" X-AppService-Proto="https" X-Forwarded-TlsVersion="1.3" X-WAWS-Unencoded-URL="/api/zipdeploy?isAsync=true&amp;deployer=GITHUB_ZIP_DEPLOY&amp;message=%7B%22type%22%3A%22deployment%22%2C%22sha%22%3A%22d5c8f080ee4831cba0055b3ca7f70db15a5760ba%22%2C%22repoName%22%3A%22opsvantage-digital%2Fmarz-avatar-interface%22%2C%22actor%22%3A%22opsvantage-digital%22%2C%22slotName%22%3A%22production%22%2C%22commitMessage%22%3A%22CI%3A%20add%20custom%20domain%20checks%20for%20marz.opsvantagedigital.online%20after%20deploy%22%7D" X-Client-IP="20.49.13.181" X-Client-Port="22528" >
  <step title="Cleanup Xml Logs" date="2025-10-24T14:11:02.282" >
    <step title="Cleanup Infos" date="2025-10-24T14:11:02.295" totalFiles="395" totalCleanup="235" /><!-- duration: 3ms -->
  </step><!-- duration: 18ms -->
  <step title="ZipPushDeploy" date="2025-10-24T14:11:02.335" >
    <step title="ZipDeploy. Run from package." date="2025-10-24T14:11:02.351" /><!-- duration: 2ms -->
    <step title="Starting PushDeployAsync" date="2025-10-24T14:11:02.361" /><!-- duration: 2ms -->
    <step title="WEBSITE_RUN_FROM_PACKAGE is set to 1. Writing zip to SitePackagesPath" date="2025-10-24T14:11:02.393" /><!-- duration: 10ms -->
    <step title="Copying zip to SitePackages /home/data/SitePackages/20251024141102.zip from request body" date="2025-10-24T14:11:02.465" /><!-- duration: 2ms -->
    <step title="Writing multipart request body to /home/data/SitePackages/20251024141102.zip" date="2025-10-24T14:11:02.491" /><!-- duration: 12ms -->
    <step title="Deleting outdated zip file /home/data/SitePackages/20251024085514.zip" date="2025-10-24T14:11:05.810" /><!-- duration: 12ms -->
    <step title="Start deployment in the background" date="2025-10-24T14:11:05.844" >
      <step title="Acquiring Deployment Lock" date="2025-10-24T14:11:05.900" /><!-- duration: 2ms -->
      <step title="Acquired Deployment Lock" date="2025-10-24T14:11:05.951" /><!-- duration: 2ms -->
    </step><!-- duration: 203ms -->
  </step><!-- duration: 3729ms -->
  <step title="Outgoing response" date="2025-10-24T14:11:06.077" type="response" statusCode="202" statusText="Accepted" /><!-- duration: 2ms -->
</step><!-- duration: 3801ms -->
