<step title="BackgroundTrace" date="2025-10-24T02:47:57.820" instance="c8fb3b" url="/api/zipdeploy" method="POST" >
  <step title="Cleanup Xml Logs" date="2025-10-24T02:47:57.823" >
    <step title="Cleanup Infos" date="2025-10-24T02:47:57.834" totalFiles="338" totalCleanup="178" /><!-- duration: 6ms -->
  </step><!-- duration: 18ms -->
  <step title="Creating temporary deployment - FetchDeploymentManager" date="2025-10-24T02:47:58.033" /><!-- duration: 1ms -->
  <step title="Creating temporary deployment" date="2025-10-24T02:47:58.037" /><!-- duration: 67ms -->
  <step title="Performing fetch based deployment" date="2025-10-24T02:47:58.160" >
    <step title="Deployment timer started" date="2025-10-24T02:48:01.545" >
      <step title="DeploymentManager.Deploy(id:7f23815a-8b4e-468d-bb6e-663788359794)" date="2025-10-24T02:48:01.555" >
        <step title="Collecting changeset information" date="2025-10-24T02:48:01.685" /><!-- duration: 221ms -->
        <step title="Updating submodules" date="2025-10-24T02:48:01.922" /><!-- duration: 1211ms -->
        <step title="Determining deployment builder" date="2025-10-24T02:48:03.550" >
          <step title="Builder is RunFromZipSiteBuilder" date="2025-10-24T02:48:03.608" /><!-- duration: 27ms -->
        </step><!-- duration: 102ms -->
        <step title="PreDeployment: context.CleanOutputPath False" date="2025-10-24T02:48:03.771" >
          <step title="PreDeployment: context.OutputPath /home/site/wwwroot" date="2025-10-24T02:48:04.107" >
            <step title="Building" date="2025-10-24T02:48:04.402" >
              <step title="Triggering recycle (preview mode disabled)." date="2025-10-24T02:48:04.837" /><!-- duration: 5ms -->
              <step title="Modified file to trigger a restart of the app container." date="2025-10-24T02:48:04.877" /><!-- duration: 2ms -->
              <step title="Skip function trigger and logicapp sync because function is not enabled." date="2025-10-24T02:48:04.890" /><!-- duration: 17ms -->
              <step title="Purge deployment items" date="2025-10-24T02:48:06.957" >
                <step title="Remove d5966241-, Success, received at 10/19/2025 01:54:04" date="2025-10-24T02:48:07.049" /><!-- duration: 2ms -->
              </step><!-- duration: 98ms -->
            </step><!-- duration: 2772ms -->
          </step><!-- duration: 3069ms -->
          <step title="Cleaning up temp files" date="2025-10-24T02:48:07.178" /><!-- duration: 4ms -->
          <step title="Cleaning up temp files" date="2025-10-24T02:48:07.189" /><!-- duration: 522ms -->
          <step title="Reloading status file with latest updates" date="2025-10-24T02:48:07.783" >
            <step title="WebHooksManager.PublishEventAsync: PostDeployment" date="2025-10-24T02:48:07.823" /><!-- duration: 292ms -->
          </step><!-- duration: 342ms -->
          <step title="Cleaning up temporary deployment - fetch deployment was successful" date="2025-10-24T02:48:08.155" /><!-- duration: 2ms -->
        </step><!-- duration: 4496ms -->
      </step><!-- duration: 6848ms -->
