<step title="Incoming Request" date="2025-10-24T02:11:31.120" instance="c8fb3b" url="/api/deployments/latest?deployer=GITHUB_ZIP_DEPLOY&amp;time=2025-10-24_02-09-33Z" method="GET" type="request" pid="823,1,15" Host="sanctuary-portal.scm.azurewebsites.net" User-Agent="GITHUBACTIONS_DeployWebAppToAzure_bf4c71b5cd9aa1c94ef4a54f1c9bb6e95e8a6094c4209a1ecbcd493e852244de" Authorization="Bea..." Content-Type="application/json; charset=utf-8" Cookie="ARRAffinity=c8fb3b5a823bfbb2d788ddf199e5ecc35671bb8032d40fd8731abd02a1110dbd;Path=/;HttpOnly;Secure;Domain=sanctuary-portal.scm.azurewebsites.net; ARRAffinitySameSite=c8fb3b5a823bfbb2d788ddf199e5ecc35671bb8032d40fd8731abd02a1110dbd;Path=/;HttpOnly;SameSite=None;Secure;Domain=sanctuary-portal.scm.azurewebsites.net" Content-Length="0" X-ARR-LOG-ID="c1fe1764-cbe5-4ad5-9be2-447fe09b8464" CLIENT-IP="128.24.161.34:39954" X-SITE-DEPLOYMENT-ID="sanctuary-portal" WAS-DEFAULT-HOSTNAME="sanctuary-portal.scm.azurewebsites.net" X-Forwarded-Proto="https" X-AppService-Proto="https" X-Forwarded-TlsVersion="1.3" X-WAWS-Unencoded-URL="/api/deployments/latest?deployer=GITHUB_ZIP_DEPLOY&amp;time=2025-10-24_02-09-33Z" X-Client-IP="128.24.161.34" X-Client-Port="39954" >
  <step title="Cleanup Xml Logs" date="2025-10-24T02:11:31.129" >
    <step title="Cleanup Infos" date="2025-10-24T02:11:31.161" totalFiles="274" totalCleanup="114" /><!-- duration: 28ms -->
  </step><!-- duration: 61ms -->
  <step title="DeploymentService.GetResult" date="2025-10-24T02:11:31.201" >
    <step title="DeploymentService.GetLatestDeployment" date="2025-10-24T02:11:31.209" >
      <step title="DeploymentManager.GetResults" date="2025-10-24T02:11:31.226" /><!-- duration: 1086ms -->
    </step><!-- duration: 1114ms -->
  </step><!-- duration: 1158ms -->
  <step title="Outgoing response" date="2025-10-24T02:11:32.361" type="response" statusCode="202" statusText="Accepted" /><!-- duration: 16ms -->
</step><!-- duration: 1265ms -->
