<step title="Incoming Request" date="2025-10-19T01:44:10.643" instance="c8fb3b" url="/api/zipdeploy?isAsync=true&amp;deployer=GITHUB_ZIP_DEPLOY&amp;message=%7B%22type%22%3A%22deployment%22%2C%22sha%22%3A%226bea1b023d82bfce1ccb024a7367038f7e49a271%22%2C%22repoName%22%3A%22opsvantage-digital%2Fmarz-avatar-interface%22%2C%22actor%22%3A%22opsvantage-digital%22%2C%22slotName%22%3A%22production%22%2C%22commitMessage%22%3A%22%20Refined%20voice%20path%20%20publish%20profile%20login%22%7D" method="POST" type="request" pid="823,1,26" Host="sanctuary-portal.scm.azurewebsites.net" User-Agent="GITHUBACTIONS_DeployWebAppToAzure_bf4c71b5cd9aa1c94ef4a54f1c9bb6e95e8a6094c4209a1ecbcd493e852244de" Authorization="Bas..." Content-Type="application/octet-stream" Cookie="ARRAffinity=c8fb3b5a823bfbb2d788ddf199e5ecc35671bb8032d40fd8731abd02a1110dbd;Path=/;HttpOnly;Secure;Domain=sanctuary-portal.scm.azurewebsites.net; ARRAffinitySameSite=c8fb3b5a823bfbb2d788ddf199e5ecc35671bb8032d40fd8731abd02a1110dbd;Path=/;HttpOnly;SameSite=None;Secure;Domain=sanctuary-portal.scm.azurewebsites.net" Transfer-Encoding="chunked" X-ARR-LOG-ID="8264f621-c9ec-4bbf-9bde-7562837939a3" CLIENT-IP="52.161.82.96:29722" X-SITE-DEPLOYMENT-ID="sanctuary-portal" WAS-DEFAULT-HOSTNAME="sanctuary-portal.scm.azurewebsites.net" X-Forwarded-Proto="https" X-AppService-Proto="https" X-Forwarded-TlsVersion="1.3" X-WAWS-Unencoded-URL="/api/zipdeploy?isAsync=true&amp;deployer=GITHUB_ZIP_DEPLOY&amp;message=%7B%22type%22%3A%22deployment%22%2C%22sha%22%3A%226bea1b023d82bfce1ccb024a7367038f7e49a271%22%2C%22repoName%22%3A%22opsvantage-digital%2Fmarz-avatar-interface%22%2C%22actor%22%3A%22opsvantage-digital%22%2C%22slotName%22%3A%22production%22%2C%22commitMessage%22%3A%22%20Refined%20voice%20path%20%20publish%20profile%20login%22%7D" X-Client-IP="52.161.82.96" X-Client-Port="29722" >
  <step title="ZipPushDeploy" date="2025-10-19T01:44:10.662" >
    <step title="ZipDeploy. Extract zip." date="2025-10-19T01:44:10.672" /><!-- duration: 8ms -->
    <step title="Starting PushDeployAsync" date="2025-10-19T01:44:10.690" /><!-- duration: 9ms -->
    <step title="Writing artifact to /tmp/zipdeploy/28ec19b3-47a9-4627-ab90-72c00c2ce083.zip" date="2025-10-19T01:44:10.728" >
      <step title="Writing multipart request body to /tmp/zipdeploy/28ec19b3-47a9-4627-ab90-72c00c2ce083.zip" date="2025-10-19T01:44:10.732" /><!-- duration: 8ms -->
    </step><!-- duration: 385ms -->
    <step title="Start deployment in the background" date="2025-10-19T01:44:11.142" >
      <step title="Acquiring Deployment Lock" date="2025-10-19T01:44:11.162" /><!-- duration: 2ms -->
      <step title="Acquired Deployment Lock" date="2025-10-19T01:44:11.199" /><!-- duration: 2ms -->
    </step><!-- duration: 127ms -->
  </step><!-- duration: 609ms -->
  <step title="Outgoing response" date="2025-10-19T01:44:11.281" type="response" statusCode="202" statusText="Accepted" /><!-- duration: 8ms -->
</step><!-- duration: 648ms -->
