<step title="BackgroundTrace" date="2025-10-24T01:24:31.498" instance="c8fb3b" url="/api/zipdeploy" method="POST" >
  <step title="Cleanup Xml Logs" date="2025-10-24T01:24:31.504" /><!-- duration: 11ms -->
  <step title="Creating temporary deployment - FetchDeploymentManager" date="2025-10-24T01:24:31.614" /><!-- duration: 4ms -->
  <step title="Creating temporary deployment" date="2025-10-24T01:24:31.637" /><!-- duration: 174ms -->
  <step title="Performing fetch based deployment" date="2025-10-24T01:24:31.864" >
    <step title="Cleaning up temp folders from previous zip deployments and extracting pushed zip file /tmp/zipdeploy/b1e8c77d-2ac1-489f-b899-ebe7fd2fec4e.zip (202.98 MB) to /tmp/zipdeploy/extracted" date="2025-10-24T01:24:33.091" >
      <step title="ChmodRecursive Process exited with total time taken in ms: 655" date="2025-10-24T01:25:37.867" /><!-- duration: 10ms -->
    </step><!-- duration: 64806ms -->
    <step title="Deployment timer started" date="2025-10-24T01:25:39.954" >
      <step title="DeploymentManager.Deploy(id:fa00436e-8345-4603-815c-b2e4c83e3607)" date="2025-10-24T01:25:39.973" >
        <step title="Collecting changeset information" date="2025-10-24T01:25:40.055" /><!-- duration: 1294ms -->
        <step title="Updating submodules" date="2025-10-24T01:25:41.368" /><!-- duration: 1331ms -->
        <step title="Determining deployment builder" date="2025-10-24T01:25:43.283" >
          <step title="Builder is BasicBuilder" date="2025-10-24T01:25:43.332" /><!-- duration: 27ms -->
        </step><!-- duration: 88ms -->
        <step title="PreDeployment: context.CleanOutputPath False" date="2025-10-24T01:25:43.551" >
          <step title="PreDeployment: context.OutputPath /home/site/wwwroot" date="2025-10-24T01:25:43.762" >
            <step title="Building" date="2025-10-24T01:25:44.081" >
              <step title="Executing external process" date="2025-10-24T01:25:45.470" type="process" path="starter.sh" arguments="/opt/Kudu/Scripts/absoluteTar.sh /tmp/zipdeploy/extracted/node_modules /tmp/zipdeploy/extracted/node_modules.tar.gz" >
                <step title="Cpu: gzip(1150,28.000s)+sh(1149,0.000s)+tar(1148,2.710s)+absoluteTar.sh(1147,0.000s)=total(30.710s)" date="2025-10-24T01:26:46.040" /><!-- duration: 40ms -->
                <step title="starter.sh: no io activity for 61s, prev-cpu=-1.000s, current-cpu=30.710s" date="2025-10-24T01:26:46.110" /><!-- duration: 19ms -->
                <step title="Cpu: gzip(1150,57.200s)+sh(1149,0.000s)+tar(1148,3.780s)+absoluteTar.sh(1147,0.000s)=total(60.980s)" date="2025-10-24T01:27:46.588" /><!-- duration: 10ms -->
                <step title="starter.sh: no io activity for 121s, prev-cpu=30.710s, current-cpu=60.980s" date="2025-10-24T01:27:46.608" /><!-- duration: 17ms -->
              </step><!-- duration: 175901ms -->
              <step title="Executing external process" date="2025-10-24T01:28:41.666" type="process" path="starter.sh" arguments="/opt/Kudu/Scripts/parallel_rsync.sh /tmp/zipdeploy/extracted /home/site/wwwroot 8 /tmp/ False True node_modules " /><!-- duration: 13708ms -->
              <step title="Triggering recycle (preview mode disabled)." date="2025-10-24T01:28:56.239" /><!-- duration: 6ms -->
              <step title="Modified file to trigger a restart of the app container." date="2025-10-24T01:28:56.285" /><!-- duration: 6ms -->
              <step title="Skip function trigger and logicapp sync because function is not enabled." date="2025-10-24T01:28:56.295" /><!-- duration: 9ms -->
              <step title="Purge deployment items" date="2025-10-24T01:28:57.570" >
                <step title="Remove d3abf315-, Success, received at 10/19/2025 01:33:19" date="2025-10-24T01:28:57.688" /><!-- duration: 2ms -->
              </step><!-- duration: 125ms -->
            </step><!-- duration: 193695ms -->
          </step><!-- duration: 194017ms -->
          <step title="Cleaning up temp files" date="2025-10-24T01:28:57.781" /><!-- duration: 13ms -->
          <step title="Cleaning up temp files" date="2025-10-24T01:28:57.806" /><!-- duration: 532ms -->
          <step title="Reloading status file with latest updates" date="2025-10-24T01:28:58.392" >
            <step title="WebHooksManager.PublishEventAsync: PostDeployment" date="2025-10-24T01:28:58.394" /><!-- duration: 97ms -->
          </step><!-- duration: 100ms -->
          <step title="Cleaning up temporary deployment - fetch deployment was successful" date="2025-10-24T01:28:58.502" /><!-- duration: 2ms -->
        </step><!-- duration: 195022ms -->
      </step><!-- duration: 198608ms -->
