<step title="Incoming Request" date="2025-10-24T02:18:45.389" instance="c8fb3b" url="/api/zipdeploy?isAsync=true&amp;deployer=GITHUB_ZIP_DEPLOY&amp;message=%7B%22type%22%3A%22deployment%22%2C%22sha%22%3A%22bbb747301435230403301ebf408a68d579fb16e9%22%2C%22repoName%22%3A%22opsvantage-digital%2Fmarz-avatar-interface%22%2C%22actor%22%3A%22opsvantage-digital%22%2C%22slotName%22%3A%22production%22%2C%22commitMessage%22%3A%22Fix%3A%20Include%20src%20directory%20in%20deployment%20package%22%7D" method="POST" type="request" pid="823,1,59" Host="sanctuary-portal.scm.azurewebsites.net" User-Agent="GITHUBACTIONS_DeployWebAppToAzure_bf4c71b5cd9aa1c94ef4a54f1c9bb6e95e8a6094c4209a1ecbcd493e852244de" Authorization="Bea..." Content-Type="application/octet-stream" Cookie="ARRAffinity=c8fb3b5a823bfbb2d788ddf199e5ecc35671bb8032d40fd8731abd02a1110dbd;Path=/;HttpOnly;Secure;Domain=sanctuary-portal.scm.azurewebsites.net; ARRAffinitySameSite=c8fb3b5a823bfbb2d788ddf199e5ecc35671bb8032d40fd8731abd02a1110dbd;Path=/;HttpOnly;SameSite=None;Secure;Domain=sanctuary-portal.scm.azurewebsites.net" Transfer-Encoding="chunked" X-ARR-LOG-ID="f163bcfc-981a-43fd-985f-126e7833fae9" CLIENT-IP="132.196.32.65:36872" X-SITE-DEPLOYMENT-ID="sanctuary-portal" WAS-DEFAULT-HOSTNAME="sanctuary-portal.scm.azurewebsites.net" X-Forwarded-Proto="https" X-AppService-Proto="https" X-Forwarded-TlsVersion="1.3" X-WAWS-Unencoded-URL="/api/zipdeploy?isAsync=true&amp;deployer=GITHUB_ZIP_DEPLOY&amp;message=%7B%22type%22%3A%22deployment%22%2C%22sha%22%3A%22bbb747301435230403301ebf408a68d579fb16e9%22%2C%22repoName%22%3A%22opsvantage-digital%2Fmarz-avatar-interface%22%2C%22actor%22%3A%22opsvantage-digital%22%2C%22slotName%22%3A%22production%22%2C%22commitMessage%22%3A%22Fix%3A%20Include%20src%20directory%20in%20deployment%20package%22%7D" X-Client-IP="132.196.32.65" X-Client-Port="36872" >
  <step title="Cleanup Xml Logs" date="2025-10-24T02:18:45.392" >
    <step title="Cleanup Infos" date="2025-10-24T02:18:45.404" totalFiles="288" totalCleanup="128" /><!-- duration: 3ms -->
  </step><!-- duration: 19ms -->
  <step title="ZipPushDeploy" date="2025-10-24T02:18:45.487" >
    <step title="ZipDeploy. Extract zip." date="2025-10-24T02:18:45.495" /><!-- duration: 2ms -->
    <step title="Starting PushDeployAsync" date="2025-10-24T02:18:45.503" /><!-- duration: 2ms -->
    <step title="Removing node_modules symlink" date="2025-10-24T02:18:45.539" >
      <step title="Writing artifact to /tmp/zipdeploy/d3b3bcf6-7914-4f51-ba38-f503f92bdd10.zip" date="2025-10-24T02:18:45.758" >
        <step title="Writing multipart request body to /tmp/zipdeploy/d3b3bcf6-7914-4f51-ba38-f503f92bdd10.zip" date="2025-10-24T02:18:45.774" /><!-- duration: 2ms -->
      </step><!-- duration: 11266ms -->
      <step title="Removing previous build artifact&apos;s manifest file" date="2025-10-24T02:18:57.036" >
        <step title="Start deployment in the background" date="2025-10-24T02:18:57.057" >
          <step title="Acquiring Deployment Lock" date="2025-10-24T02:18:57.110" /><!-- duration: 2ms -->
          <step title="Acquired Deployment Lock" date="2025-10-24T02:18:57.147" /><!-- duration: 2ms -->
        </step><!-- duration: 209ms -->
      </step><!-- duration: 242ms -->
      <step title="Outgoing response" date="2025-10-24T02:18:57.282" type="response" statusCode="202" statusText="Accepted" /><!-- duration: 2ms -->
    </step><!-- duration: 11746ms -->
