<step title="Incoming Request" date="2025-10-24T01:03:01.571" instance="c8fb3b" url="/api/zipdeploy?isAsync=true&amp;deployer=GITHUB_ZIP_DEPLOY&amp;message=%7B%22type%22%3A%22deployment%22%2C%22sha%22%3A%229e4eb52681d854e677e2bf9cf44dd5198b34df07%22%2C%22repoName%22%3A%22opsvantage-digital%2Fmarz-avatar-interface%22%2C%22actor%22%3A%22opsvantage-digital%22%2C%22slotName%22%3A%22production%22%2C%22commitMessage%22%3A%22Test%3A%20Verify%20OIDC%20with%20Contributor%20role%22%7D" method="POST" type="request" pid="827,1,37" Host="sanctuary-portal.scm.azurewebsites.net" User-Agent="GITHUBACTIONS_DeployWebAppToAzure_bf4c71b5cd9aa1c94ef4a54f1c9bb6e95e8a6094c4209a1ecbcd493e852244de" Authorization="Bea..." Content-Type="application/octet-stream" Cookie="ARRAffinity=c8fb3b5a823bfbb2d788ddf199e5ecc35671bb8032d40fd8731abd02a1110dbd;Path=/;HttpOnly;Secure;Domain=sanctuary-portal.scm.azurewebsites.net; ARRAffinitySameSite=c8fb3b5a823bfbb2d788ddf199e5ecc35671bb8032d40fd8731abd02a1110dbd;Path=/;HttpOnly;SameSite=None;Secure;Domain=sanctuary-portal.scm.azurewebsites.net" Transfer-Encoding="chunked" X-ARR-LOG-ID="7ce3258a-c61e-446a-be5b-d47b7d538869" CLIENT-IP="64.236.169.115:65472" X-SITE-DEPLOYMENT-ID="sanctuary-portal" WAS-DEFAULT-HOSTNAME="sanctuary-portal.scm.azurewebsites.net" X-Forwarded-Proto="https" X-AppService-Proto="https" X-Forwarded-TlsVersion="1.3" X-WAWS-Unencoded-URL="/api/zipdeploy?isAsync=true&amp;deployer=GITHUB_ZIP_DEPLOY&amp;message=%7B%22type%22%3A%22deployment%22%2C%22sha%22%3A%229e4eb52681d854e677e2bf9cf44dd5198b34df07%22%2C%22repoName%22%3A%22opsvantage-digital%2Fmarz-avatar-interface%22%2C%22actor%22%3A%22opsvantage-digital%22%2C%22slotName%22%3A%22production%22%2C%22commitMessage%22%3A%22Test%3A%20Verify%20OIDC%20with%20Contributor%20role%22%7D" X-Client-IP="64.236.169.115" X-Client-Port="65472" >
  <step title="ZipPushDeploy" date="2025-10-24T01:03:01.985" >
    <step title="ZipDeploy. Extract zip." date="2025-10-24T01:03:02.052" /><!-- duration: 28ms -->
    <step title="None repository commit" date="2025-10-24T01:03:02.109" >
      <step title="Commit id: 27b93a2a-1a93-4943-afda-38bb278bf4ad" date="2025-10-24T01:03:02.113" Message="N/A" AuthorName="N/A" AuthorEmail="N/A" /><!-- duration: 2ms -->
    </step><!-- duration: 8ms -->
    <step title="Starting PushDeployAsync" date="2025-10-24T01:03:02.120" /><!-- duration: 48ms -->
    <step title="Removing node_modules symlink" date="2025-10-24T01:03:02.280" >
      <step title="Removing _del_node_modules symlink" date="2025-10-24T01:03:02.526" >
        <step title="Writing artifact to /tmp/zipdeploy/6fc369a6-6b9f-4a67-86a5-38c5010bfbc9.zip" date="2025-10-24T01:03:02.593" >
          <step title="Writing multipart request body to /tmp/zipdeploy/6fc369a6-6b9f-4a67-86a5-38c5010bfbc9.zip" date="2025-10-24T01:03:02.611" /><!-- duration: 3ms -->
        </step><!-- duration: 1503ms -->
        <step title="Removing previous build artifact&apos;s manifest file" date="2025-10-24T01:03:04.105" >
          <step title="Start deployment in the background" date="2025-10-24T01:03:04.216" >
            <step title="Acquiring Deployment Lock" date="2025-10-24T01:03:04.264" /><!-- duration: 5ms -->
            <step title="Acquired Deployment Lock" date="2025-10-24T01:03:04.355" /><!-- duration: 2ms -->
          </step><!-- duration: 572ms -->
        </step><!-- duration: 704ms -->
        <step title="Outgoing response" date="2025-10-24T01:03:04.828" type="response" statusCode="202" statusText="Accepted" /><!-- duration: 2ms -->
      </step><!-- duration: 2307ms -->
