<step title="Incoming Request" date="2025-10-31T08:24:40.755" instance="c8fb3b" url="/api/deployments/latest" method="GET" type="request" pid="827,1,33" Accept="*/*" Host="sanctuary-portal.scm.azurewebsites.net" User-Agent="AZURECLI/2.77.0 (MSI)" Accept-Encoding="gzip, deflate" Authorization="Bas..." x-ms-client-request-id="0785c9e9-b633-11f0-8480-145afc07e81c" X-ARR-LOG-ID="0785c9e9-b633-11f0-8480-145afc07e81c" CLIENT-IP="203.211.76.36:30475" X-SITE-DEPLOYMENT-ID="sanctuary-portal" WAS-DEFAULT-HOSTNAME="sanctuary-portal.scm.azurewebsites.net" X-Forwarded-Proto="https" X-AppService-Proto="https" X-Forwarded-TlsVersion="1.3" X-WAWS-Unencoded-URL="/api/deployments/latest" X-Client-IP="203.211.76.36" X-Client-Port="30475" >
  <step title="Cleanup Xml Logs" date="2025-10-31T08:24:40.758" >
    <step title="Cleanup Infos" date="2025-10-31T08:24:40.782" totalFiles="423" totalCleanup="263" /><!-- duration: 20ms -->
  </step><!-- duration: 51ms -->
  <step title="DeploymentService.GetResult" date="2025-10-31T08:24:40.816" >
    <step title="DeploymentService.GetLatestDeployment" date="2025-10-31T08:24:40.820" >
      <step title="DeploymentManager.GetResults" date="2025-10-31T08:24:40.825" /><!-- duration: 660ms -->
    </step><!-- duration: 667ms -->
  </step><!-- duration: 673ms -->
  <step title="Outgoing response" date="2025-10-31T08:24:41.508" type="response" statusCode="202" statusText="Accepted" /><!-- duration: 3ms -->
</step><!-- duration: 763ms -->
