<step title="BackgroundTrace" date="2025-10-24T03:07:59.877" instance="c8fb3b" url="/api/zipdeploy" method="POST" >
  <step title="Cleanup Xml Logs" date="2025-10-24T03:07:59.879" >
    <step title="Cleanup Infos" date="2025-10-24T03:07:59.899" totalFiles="356" totalCleanup="196" /><!-- duration: 3ms -->
  </step><!-- duration: 26ms -->
  <step title="Creating temporary deployment - FetchDeploymentManager" date="2025-10-24T03:08:00.006" /><!-- duration: 2ms -->
  <step title="Creating temporary deployment" date="2025-10-24T03:08:00.011" /><!-- duration: 118ms -->
  <step title="Performing fetch based deployment" date="2025-10-24T03:08:00.190" >
    <step title="Deployment timer started" date="2025-10-24T03:08:03.636" >
      <step title="DeploymentManager.Deploy(id:2c0823de-fd73-4b09-a98e-ebf390a29dbd)" date="2025-10-24T03:08:03.676" >
        <step title="Collecting changeset information" date="2025-10-24T03:08:03.780" /><!-- duration: 231ms -->
        <step title="Updating submodules" date="2025-10-24T03:08:04.031" /><!-- duration: 1257ms -->
        <step title="Determining deployment builder" date="2025-10-24T03:08:05.531" >
          <step title="Builder is RunFromZipSiteBuilder" date="2025-10-24T03:08:05.545" /><!-- duration: 19ms -->
        </step><!-- duration: 36ms -->
        <step title="PreDeployment: context.CleanOutputPath False" date="2025-10-24T03:08:05.649" >
          <step title="PreDeployment: context.OutputPath /home/site/wwwroot" date="2025-10-24T03:08:05.785" >
            <step title="Building" date="2025-10-24T03:08:05.938" >
              <step title="Triggering recycle (preview mode disabled)." date="2025-10-24T03:08:06.429" /><!-- duration: 16ms -->
              <step title="Modified file to trigger a restart of the app container." date="2025-10-24T03:08:06.493" /><!-- duration: 2ms -->
              <step title="Skip function trigger and logicapp sync because function is not enabled." date="2025-10-24T03:08:06.502" /><!-- duration: 10ms -->
              <step title="Purge deployment items" date="2025-10-24T03:08:12.047" >
                <step title="Remove 27b93a2a-, Success, received at 10/24/2025 01:03:09" date="2025-10-24T03:08:12.192" /><!-- duration: 8ms -->
              </step><!-- duration: 172ms -->
            </step><!-- duration: 6449ms -->
          </step><!-- duration: 6620ms -->
          <step title="Cleaning up temp files" date="2025-10-24T03:08:12.407" /><!-- duration: 62ms -->
          <step title="Cleaning up temp files" date="2025-10-24T03:08:12.499" /><!-- duration: 558ms -->
          <step title="Reloading status file with latest updates" date="2025-10-24T03:08:13.116" >
            <step title="WebHooksManager.PublishEventAsync: PostDeployment" date="2025-10-24T03:08:13.153" /><!-- duration: 244ms -->
          </step><!-- duration: 291ms -->
          <step title="Cleaning up temporary deployment - fetch deployment was successful" date="2025-10-24T03:08:13.427" /><!-- duration: 9ms -->
        </step><!-- duration: 7922ms -->
      </step><!-- duration: 9971ms -->
