<step title="BackgroundTrace" date="2025-10-19T01:51:57.795" instance="c8fb3b" url="/api/zipdeploy" method="POST" >
  <step title="Creating temporary deployment - FetchDeploymentManager" date="2025-10-19T01:51:57.839" /><!-- duration: 1ms -->
  <step title="Creating temporary deployment" date="2025-10-19T01:51:57.842" /><!-- duration: 78ms -->
  <step title="Performing fetch based deployment" date="2025-10-19T01:51:57.941" >
    <step title="Cleaning up temp folders from previous zip deployments and extracting pushed zip file /tmp/zipdeploy/7ff017d5-3942-49bd-8026-b838ef86e07e.zip (0.02 MB) to /tmp/zipdeploy/extracted" date="2025-10-19T01:51:59.095" >
      <step title="ChmodRecursive Process exited with total time taken in ms: 49" date="2025-10-19T01:51:59.222" /><!-- duration: 11ms -->
    </step><!-- duration: 167ms -->
    <step title="Deployment timer started" date="2025-10-19T01:52:01.280" >
      <step title="DeploymentManager.Deploy(id:954b73ea-6bec-4f7b-b56b-3289edfecbe3)" date="2025-10-19T01:52:01.284" >
        <step title="Collecting changeset information" date="2025-10-19T01:52:01.299" /><!-- duration: 169ms -->
        <step title="Updating submodules" date="2025-10-19T01:52:01.479" /><!-- duration: 1328ms -->
        <step title="Determining deployment builder" date="2025-10-19T01:52:03.189" >
          <step title="Builder is BasicBuilder" date="2025-10-19T01:52:03.256" /><!-- duration: 2ms -->
        </step><!-- duration: 116ms -->
        <step title="PreDeployment: context.CleanOutputPath False" date="2025-10-19T01:52:03.403" >
          <step title="PreDeployment: context.OutputPath /home/site/wwwroot" date="2025-10-19T01:52:03.637" >
            <step title="Building" date="2025-10-19T01:52:03.975" >
              <step title="Executing external process" date="2025-10-19T01:52:04.610" type="process" path="starter.sh" arguments="/opt/Kudu/Scripts/parallel_rsync.sh /tmp/zipdeploy/extracted /home/site/wwwroot 8 /tmp/ False True  " /><!-- duration: 4488ms -->
              <step title="Triggering recycle (preview mode disabled)." date="2025-10-19T01:52:09.400" /><!-- duration: 18ms -->
              <step title="Modified file to trigger a restart of the app container." date="2025-10-19T01:52:09.529" /><!-- duration: 2ms -->
              <step title="Skip function trigger and logicapp sync because function is not enabled." date="2025-10-19T01:52:09.532" /><!-- duration: 6ms -->
            </step><!-- duration: 6736ms -->
          </step><!-- duration: 7085ms -->
          <step title="Cleaning up temp files" date="2025-10-19T01:52:10.729" /><!-- duration: 7ms -->
          <step title="Cleaning up temp files" date="2025-10-19T01:52:10.744" /><!-- duration: 504ms -->
          <step title="Reloading status file with latest updates" date="2025-10-19T01:52:11.331" >
            <step title="WebHooksManager.PublishEventAsync: PostDeployment" date="2025-10-19T01:52:11.341" /><!-- duration: 181ms -->
          </step><!-- duration: 209ms -->
          <step title="Cleaning up temporary deployment - fetch deployment was successful" date="2025-10-19T01:52:11.550" /><!-- duration: 3ms -->
        </step><!-- duration: 8318ms -->
      </step><!-- duration: 10525ms -->
