<step title="BackgroundTrace" date="2025-10-24T08:18:49.659" instance="c8fb3b" url="/api/zipdeploy" method="POST" >
  <step title="Creating temporary deployment - FetchDeploymentManager" date="2025-10-24T08:18:49.819" /><!-- duration: 2ms -->
  <step title="Creating temporary deployment" date="2025-10-24T08:18:49.829" /><!-- duration: 117ms -->
  <step title="Performing fetch based deployment" date="2025-10-24T08:18:49.992" >
    <step title="Deployment timer started" date="2025-10-24T08:18:53.559" >
      <step title="DeploymentManager.Deploy(id:5fca5a15-cb5f-4f5c-9d3b-f3de9a3f8f0c)" date="2025-10-24T08:18:53.608" >
        <step title="Collecting changeset information" date="2025-10-24T08:18:53.696" /><!-- duration: 176ms -->
        <step title="Updating submodules" date="2025-10-24T08:18:53.892" /><!-- duration: 1244ms -->
        <step title="Determining deployment builder" date="2025-10-24T08:18:55.400" >
          <step title="Builder is RunFromZipSiteBuilder" date="2025-10-24T08:18:55.415" /><!-- duration: 15ms -->
        </step><!-- duration: 36ms -->
        <step title="PreDeployment: context.CleanOutputPath False" date="2025-10-24T08:18:55.486" >
          <step title="PreDeployment: context.OutputPath /home/site/wwwroot" date="2025-10-24T08:18:55.605" >
            <step title="Building" date="2025-10-24T08:18:55.826" >
              <step title="Triggering recycle (preview mode disabled)." date="2025-10-24T08:18:56.285" /><!-- duration: 30ms -->
              <step title="Modified file to trigger a restart of the app container." date="2025-10-24T08:18:56.383" /><!-- duration: 29ms -->
              <step title="Skip function trigger and logicapp sync because function is not enabled." date="2025-10-24T08:18:56.440" /><!-- duration: 39ms -->
              <step title="Purge deployment items" date="2025-10-24T08:18:58.213" >
                <step title="Remove bb9c9f53-, Success, received at 10/24/2025 01:06:37" date="2025-10-24T08:18:58.281" /><!-- duration: 3ms -->
              </step><!-- duration: 76ms -->
            </step><!-- duration: 2554ms -->
          </step><!-- duration: 2785ms -->
          <step title="Cleaning up temp files" date="2025-10-24T08:18:58.392" /><!-- duration: 7ms -->
          <step title="Cleaning up temp files" date="2025-10-24T08:18:58.408" /><!-- duration: 541ms -->
          <step title="Reloading status file with latest updates" date="2025-10-24T08:18:59.507" >
            <step title="WebHooksManager.PublishEventAsync: PostDeployment" date="2025-10-24T08:18:59.515" /><!-- duration: 56ms -->
          </step><!-- duration: 68ms -->
          <step title="Cleaning up temporary deployment - fetch deployment was successful" date="2025-10-24T08:18:59.580" /><!-- duration: 2ms -->
        </step><!-- duration: 4141ms -->
      </step><!-- duration: 6035ms -->
