<step title="Incoming Request" date="2025-10-24T02:20:00.585" instance="c8fb3b" url="/api/deployments/latest?deployer=GITHUB_ZIP_DEPLOY&amp;time=2025-10-24_02-18-57Z" method="GET" type="request" pid="823,1,55" Host="sanctuary-portal.scm.azurewebsites.net" User-Agent="GITHUBACTIONS_DeployWebAppToAzure_bf4c71b5cd9aa1c94ef4a54f1c9bb6e95e8a6094c4209a1ecbcd493e852244de" Authorization="Bea..." Content-Type="application/json; charset=utf-8" Cookie="ARRAffinity=c8fb3b5a823bfbb2d788ddf199e5ecc35671bb8032d40fd8731abd02a1110dbd;Path=/;HttpOnly;Secure;Domain=sanctuary-portal.scm.azurewebsites.net; ARRAffinitySameSite=c8fb3b5a823bfbb2d788ddf199e5ecc35671bb8032d40fd8731abd02a1110dbd;Path=/;HttpOnly;SameSite=None;Secure;Domain=sanctuary-portal.scm.azurewebsites.net" Content-Length="0" X-ARR-LOG-ID="0656007a-1d32-4470-8f35-1be9ff517024" CLIENT-IP="132.196.32.65:36873" X-SITE-DEPLOYMENT-ID="sanctuary-portal" WAS-DEFAULT-HOSTNAME="sanctuary-portal.scm.azurewebsites.net" X-Forwarded-Proto="https" X-AppService-Proto="https" X-Forwarded-TlsVersion="1.3" X-WAWS-Unencoded-URL="/api/deployments/latest?deployer=GITHUB_ZIP_DEPLOY&amp;time=2025-10-24_02-18-57Z" X-Client-IP="132.196.32.65" X-Client-Port="36873" >
  <step title="Cleanup Xml Logs" date="2025-10-24T02:20:00.587" >
    <step title="Cleanup Infos" date="2025-10-24T02:20:00.623" totalFiles="299" totalCleanup="139" /><!-- duration: 10ms -->
  </step><!-- duration: 55ms -->
  <step title="DeploymentService.GetResult" date="2025-10-24T02:20:00.678" >
    <step title="DeploymentService.GetLatestDeployment" date="2025-10-24T02:20:00.687" >
      <step title="DeploymentManager.GetResults" date="2025-10-24T02:20:00.689" /><!-- duration: 1659ms -->
    </step><!-- duration: 1708ms -->
  </step><!-- duration: 1736ms -->
  <step title="Outgoing response" date="2025-10-24T02:20:02.423" type="response" statusCode="202" statusText="Accepted" /><!-- duration: 50ms -->
</step><!-- duration: 1899ms -->
