<step title="BackgroundTrace" date="2025-10-19T01:44:11.144" instance="c8fb3b" url="/api/zipdeploy" method="POST" >
  <step title="Creating temporary deployment - FetchDeploymentManager" date="2025-10-19T01:44:11.203" /><!-- duration: 1ms -->
  <step title="Creating temporary deployment" date="2025-10-19T01:44:11.211" /><!-- duration: 56ms -->
  <step title="Performing fetch based deployment" date="2025-10-19T01:44:11.309" >
    <step title="Cleaning up temp folders from previous zip deployments and extracting pushed zip file /tmp/zipdeploy/28ec19b3-47a9-4627-ab90-72c00c2ce083.zip (0.23 MB) to /tmp/zipdeploy/extracted" date="2025-10-19T01:44:12.529" >
      <step title="ChmodRecursive Process exited with total time taken in ms: 59" date="2025-10-19T01:44:12.719" /><!-- duration: 2ms -->
    </step><!-- duration: 195ms -->
    <step title="Deployment timer started" date="2025-10-19T01:44:14.739" >
      <step title="DeploymentManager.Deploy(id:663f1261-c3b0-4037-b5ef-350d0f94ad06)" date="2025-10-19T01:44:14.744" >
        <step title="Collecting changeset information" date="2025-10-19T01:44:14.771" /><!-- duration: 106ms -->
        <step title="Updating submodules" date="2025-10-19T01:44:14.880" /><!-- duration: 1131ms -->
        <step title="Determining deployment builder" date="2025-10-19T01:44:16.207" >
          <step title="Builder is BasicBuilder" date="2025-10-19T01:44:16.223" /><!-- duration: 10ms -->
        </step><!-- duration: 29ms -->
        <step title="PreDeployment: context.CleanOutputPath False" date="2025-10-19T01:44:16.292" >
          <step title="PreDeployment: context.OutputPath /home/site/wwwroot" date="2025-10-19T01:44:16.432" >
            <step title="Building" date="2025-10-19T01:44:16.577" >
              <step title="Executing external process" date="2025-10-19T01:44:16.864" type="process" path="starter.sh" arguments="/opt/Kudu/Scripts/parallel_rsync.sh /tmp/zipdeploy/extracted /home/site/wwwroot 8 /tmp/ False True  " /><!-- duration: 5671ms -->
              <step title="Triggering recycle (preview mode disabled)." date="2025-10-19T01:44:22.805" /><!-- duration: 6ms -->
              <step title="Modified file to trigger a restart of the app container." date="2025-10-19T01:44:22.841" /><!-- duration: 2ms -->
              <step title="Skip function trigger and logicapp sync because function is not enabled." date="2025-10-19T01:44:22.849" /><!-- duration: 20ms -->
            </step><!-- duration: 7150ms -->
          </step><!-- duration: 7300ms -->
          <step title="Cleaning up temp files" date="2025-10-19T01:44:23.734" /><!-- duration: 3ms -->
          <step title="Cleaning up temp files" date="2025-10-19T01:44:23.743" /><!-- duration: 519ms -->
          <step title="Reloading status file with latest updates" date="2025-10-19T01:44:24.280" >
            <step title="WebHooksManager.PublishEventAsync: PostDeployment" date="2025-10-19T01:44:24.283" /><!-- duration: 31ms -->
          </step><!-- duration: 41ms -->
          <step title="Cleaning up temporary deployment - fetch deployment was successful" date="2025-10-19T01:44:24.342" /><!-- duration: 1ms -->
        </step><!-- duration: 8134ms -->
      </step><!-- duration: 9702ms -->
