<step title="BackgroundTrace" date="2025-10-24T01:37:41.186" instance="c8fb3b" url="/api/zipdeploy" method="POST" >
  <step title="Cleanup Xml Logs" date="2025-10-24T01:37:41.195" >
    <step title="Cleanup Infos" date="2025-10-24T01:37:41.214" totalFiles="224" totalCleanup="64" /><!-- duration: 3ms -->
  </step><!-- duration: 23ms -->
  <step title="Creating temporary deployment - FetchDeploymentManager" date="2025-10-24T01:37:41.473" /><!-- duration: 18ms -->
  <step title="Creating temporary deployment" date="2025-10-24T01:37:41.504" /><!-- duration: 271ms -->
  <step title="Performing fetch based deployment" date="2025-10-24T01:37:41.999" >
    <step title="Cleaning up temp folders from previous zip deployments and extracting pushed zip file /tmp/zipdeploy/c566a82c-e9b8-41b0-a745-72032bf26efc.zip (202.98 MB) to /tmp/zipdeploy/extracted" date="2025-10-24T01:37:43.592" >
      <step title="ChmodRecursive Process exited with total time taken in ms: 715" date="2025-10-24T01:38:28.033" /><!-- duration: 20ms -->
    </step><!-- duration: 44465ms -->
    <step title="Deployment timer started" date="2025-10-24T01:38:30.096" >
      <step title="DeploymentManager.Deploy(id:6ec33422-fea7-4f55-a63f-2f0b38af96d0)" date="2025-10-24T01:38:30.104" >
        <step title="Collecting changeset information" date="2025-10-24T01:38:30.142" /><!-- duration: 137ms -->
        <step title="Updating submodules" date="2025-10-24T01:38:30.280" /><!-- duration: 1134ms -->
        <step title="Determining deployment builder" date="2025-10-24T01:38:31.678" >
          <step title="Builder is BasicBuilder" date="2025-10-24T01:38:31.724" /><!-- duration: 18ms -->
        </step><!-- duration: 68ms -->
        <step title="PreDeployment: context.CleanOutputPath False" date="2025-10-24T01:38:31.857" >
          <step title="PreDeployment: context.OutputPath /home/site/wwwroot" date="2025-10-24T01:38:31.976" >
            <step title="Building" date="2025-10-24T01:38:32.155" >
              <step title="Executing external process" date="2025-10-24T01:38:32.784" type="process" path="starter.sh" arguments="/opt/Kudu/Scripts/absoluteTar.sh /tmp/zipdeploy/extracted/node_modules /tmp/zipdeploy/extracted/node_modules.tar.gz" >
                <step title="Cpu: gzip(931,39.030s)+sh(930,0.000s)+tar(929,2.730s)+absoluteTar.sh(928,0.010s)=total(41.760s)" date="2025-10-24T01:39:33.216" /><!-- duration: 17ms -->
                <step title="starter.sh: no io activity for 60s, prev-cpu=-1.000s, current-cpu=41.760s" date="2025-10-24T01:39:33.252" /><!-- duration: 48ms -->
                <step title="Cpu: gzip(931,79.770s)+sh(930,0.000s)+tar(929,4.130s)+absoluteTar.sh(928,0.010s)=total(83.910s)" date="2025-10-24T01:40:33.629" /><!-- duration: 2ms -->
                <step title="starter.sh: no io activity for 121s, prev-cpu=41.760s, current-cpu=83.910s" date="2025-10-24T01:40:33.651" /><!-- duration: 39ms -->
              </step><!-- duration: 139045ms -->
              <step title="Executing external process" date="2025-10-24T01:40:52.172" type="process" path="starter.sh" arguments="/opt/Kudu/Scripts/parallel_rsync.sh /tmp/zipdeploy/extracted /home/site/wwwroot 8 /tmp/ False True node_modules " /><!-- duration: 15756ms -->
              <step title="Triggering recycle (preview mode disabled)." date="2025-10-24T01:41:08.752" /><!-- duration: 2ms -->
              <step title="Modified file to trigger a restart of the app container." date="2025-10-24T01:41:08.808" /><!-- duration: 2ms -->
              <step title="Skip function trigger and logicapp sync because function is not enabled." date="2025-10-24T01:41:08.839" /><!-- duration: 18ms -->
              <step title="Purge deployment items" date="2025-10-24T01:41:10.195" >
                <step title="Remove 0cc1ba25-, Success, received at 10/19/2025 01:39:30" date="2025-10-24T01:41:10.267" /><!-- duration: 2ms -->
              </step><!-- duration: 76ms -->
            </step><!-- duration: 158189ms -->
          </step><!-- duration: 158377ms -->
          <step title="Cleaning up temp files" date="2025-10-24T01:41:10.355" /><!-- duration: 20ms -->
          <step title="Cleaning up temp files" date="2025-10-24T01:41:10.383" /><!-- duration: 510ms -->
          <step title="Reloading status file with latest updates" date="2025-10-24T01:41:10.956" >
            <step title="WebHooksManager.PublishEventAsync: PostDeployment" date="2025-10-24T01:41:10.968" /><!-- duration: 531ms -->
          </step><!-- duration: 560ms -->
          <step title="Cleaning up temporary deployment - fetch deployment was successful" date="2025-10-24T01:41:11.559" /><!-- duration: 18ms -->
        </step><!-- duration: 159833ms -->
      </step><!-- duration: 161655ms -->
