<step title="Incoming Request" date="2025-10-24T02:43:54.695" instance="c8fb3b" url="/api/deployments/latest?deployer=GITHUB_ZIP_DEPLOY&amp;time=2025-10-24_02-43-32Z" method="GET" type="request" pid="823,1,58" Host="sanctuary-portal.scm.azurewebsites.net" User-Agent="GITHUBACTIONS_DeployWebAppToAzure_bf4c71b5cd9aa1c94ef4a54f1c9bb6e95e8a6094c4209a1ecbcd493e852244de" Authorization="Bea..." Content-Type="application/json; charset=utf-8" Cookie="ARRAffinity=c8fb3b5a823bfbb2d788ddf199e5ecc35671bb8032d40fd8731abd02a1110dbd;Path=/;HttpOnly;Secure;Domain=sanctuary-portal.scm.azurewebsites.net; ARRAffinitySameSite=c8fb3b5a823bfbb2d788ddf199e5ecc35671bb8032d40fd8731abd02a1110dbd;Path=/;HttpOnly;SameSite=None;Secure;Domain=sanctuary-portal.scm.azurewebsites.net" Content-Length="0" X-ARR-LOG-ID="ef7616a1-a284-4c15-b83b-b93edda7f4bb" CLIENT-IP="52.159.247.177:28681" X-SITE-DEPLOYMENT-ID="sanctuary-portal" WAS-DEFAULT-HOSTNAME="sanctuary-portal.scm.azurewebsites.net" X-Forwarded-Proto="https" X-AppService-Proto="https" X-Forwarded-TlsVersion="1.3" X-WAWS-Unencoded-URL="/api/deployments/latest?deployer=GITHUB_ZIP_DEPLOY&amp;time=2025-10-24_02-43-32Z" X-Client-IP="52.159.247.177" X-Client-Port="28681" >
  <step title="Cleanup Xml Logs" date="2025-10-24T02:43:54.740" >
    <step title="Cleanup Infos" date="2025-10-24T02:43:54.781" totalFiles="328" totalCleanup="168" /><!-- duration: 26ms -->
  </step><!-- duration: 120ms -->
  <step title="DeploymentService.GetResult" date="2025-10-24T02:43:54.900" >
    <step title="DeploymentService.GetLatestDeployment" date="2025-10-24T02:43:54.910" >
      <step title="DeploymentManager.GetResults" date="2025-10-24T02:43:54.920" /><!-- duration: 1169ms -->
    </step><!-- duration: 1207ms -->
  </step><!-- duration: 1226ms -->
  <step title="Outgoing response" date="2025-10-24T02:43:56.137" type="response" statusCode="202" statusText="Accepted" /><!-- duration: 8ms -->
</step><!-- duration: 1454ms -->
