<step title="Incoming Request" date="2025-10-24T08:55:14.307" instance="c8fb3b" url="/api/zipdeploy?isAsync=true&amp;deployer=GITHUB_ZIP_DEPLOY&amp;message=%7B%22type%22%3A%22deployment%22%2C%22sha%22%3A%22dce91e2e596f5997221eba9926675023eeae237c%22%2C%22repoName%22%3A%22opsvantage-digital%2Fmarz-avatar-interface%22%2C%22actor%22%3A%22opsvantage-digital%22%2C%22slotName%22%3A%22production%22%2C%22commitMessage%22%3A%22ci(deploy)%3A%20add%20warm-up%20wait%20and%20extend%20health%20check%20retries%20for%20App%20Service%20container%20deploy%22%7D" method="POST" type="request" pid="827,1,17" Host="sanctuary-portal.scm.azurewebsites.net" User-Agent="GITHUBACTIONS_DeployWebAppToAzure_bf4c71b5cd9aa1c94ef4a54f1c9bb6e95e8a6094c4209a1ecbcd493e852244de" Authorization="Bea..." Content-Type="application/octet-stream" Cookie="ARRAffinity=c8fb3b5a823bfbb2d788ddf199e5ecc35671bb8032d40fd8731abd02a1110dbd;Path=/;HttpOnly;Secure;Domain=sanctuary-portal.scm.azurewebsites.net; ARRAffinitySameSite=c8fb3b5a823bfbb2d788ddf199e5ecc35671bb8032d40fd8731abd02a1110dbd;Path=/;HttpOnly;SameSite=None;Secure;Domain=sanctuary-portal.scm.azurewebsites.net" Transfer-Encoding="chunked" X-ARR-LOG-ID="69154383-bf7b-4a5a-880e-f6e9af517f4c" CLIENT-IP="52.165.59.5:36864" X-SITE-DEPLOYMENT-ID="sanctuary-portal" WAS-DEFAULT-HOSTNAME="sanctuary-portal.scm.azurewebsites.net" X-Forwarded-Proto="https" X-AppService-Proto="https" X-Forwarded-TlsVersion="1.3" X-WAWS-Unencoded-URL="/api/zipdeploy?isAsync=true&amp;deployer=GITHUB_ZIP_DEPLOY&amp;message=%7B%22type%22%3A%22deployment%22%2C%22sha%22%3A%22dce91e2e596f5997221eba9926675023eeae237c%22%2C%22repoName%22%3A%22opsvantage-digital%2Fmarz-avatar-interface%22%2C%22actor%22%3A%22opsvantage-digital%22%2C%22slotName%22%3A%22production%22%2C%22commitMessage%22%3A%22ci(deploy)%3A%20add%20warm-up%20wait%20and%20extend%20health%20check%20retries%20for%20App%20Service%20container%20deploy%22%7D" X-Client-IP="52.165.59.5" X-Client-Port="36864" >
  <step title="Cleanup Xml Logs" date="2025-10-24T08:55:14.311" >
    <step title="Cleanup Infos" date="2025-10-24T08:55:14.340" totalFiles="370" totalCleanup="210" /><!-- duration: 3ms -->
  </step><!-- duration: 34ms -->
  <step title="ZipPushDeploy" date="2025-10-24T08:55:14.404" >
    <step title="ZipDeploy. Run from package." date="2025-10-24T08:55:14.425" /><!-- duration: 2ms -->
    <step title="Starting PushDeployAsync" date="2025-10-24T08:55:14.471" /><!-- duration: 11ms -->
    <step title="WEBSITE_RUN_FROM_PACKAGE is set to 1. Writing zip to SitePackagesPath" date="2025-10-24T08:55:14.498" /><!-- duration: 11ms -->
    <step title="Copying zip to SitePackages /home/data/SitePackages/20251024085514.zip from request body" date="2025-10-24T08:55:14.513" /><!-- duration: 6ms -->
    <step title="Writing multipart request body to /home/data/SitePackages/20251024085514.zip" date="2025-10-24T08:55:14.536" /><!-- duration: 3ms -->
    <step title="Deleting outdated zip file /home/data/SitePackages/20251024024754.zip" date="2025-10-24T08:55:18.505" /><!-- duration: 8ms -->
    <step title="Start deployment in the background" date="2025-10-24T08:55:18.530" >
      <step title="Acquiring Deployment Lock" date="2025-10-24T08:55:18.564" /><!-- duration: 2ms -->
      <step title="Acquired Deployment Lock" date="2025-10-24T08:55:18.595" /><!-- duration: 2ms -->
    </step><!-- duration: 168ms -->
  </step><!-- duration: 4313ms -->
  <step title="Outgoing response" date="2025-10-24T08:55:18.722" type="response" statusCode="202" statusText="Accepted" /><!-- duration: 1ms -->
</step><!-- duration: 4418ms -->
