<step title="Incoming Request" date="2025-10-24T01:37:28.314" instance="c8fb3b" url="/api/zipdeploy?isAsync=true&amp;deployer=GITHUB_ZIP_DEPLOY&amp;message=%7B%22type%22%3A%22deployment%22%2C%22sha%22%3A%224fd87891e49cefe673293826c19c818e98d4a3fe%22%2C%22repoName%22%3A%22opsvantage-digital%2Fmarz-avatar-interface%22%2C%22actor%22%3A%22opsvantage-digital%22%2C%22slotName%22%3A%22production%22%2C%22commitMessage%22%3A%22Add%20webapp-logs%20to%20.gitignore%22%7D" method="POST" type="request" pid="823,1,19" Host="sanctuary-portal.scm.azurewebsites.net" User-Agent="GITHUBACTIONS_DeployWebAppToAzure_bf4c71b5cd9aa1c94ef4a54f1c9bb6e95e8a6094c4209a1ecbcd493e852244de" Authorization="Bea..." Content-Type="application/octet-stream" Cookie="ARRAffinity=c8fb3b5a823bfbb2d788ddf199e5ecc35671bb8032d40fd8731abd02a1110dbd;Path=/;HttpOnly;Secure;Domain=sanctuary-portal.scm.azurewebsites.net; ARRAffinitySameSite=c8fb3b5a823bfbb2d788ddf199e5ecc35671bb8032d40fd8731abd02a1110dbd;Path=/;HttpOnly;SameSite=None;Secure;Domain=sanctuary-portal.scm.azurewebsites.net" Transfer-Encoding="chunked" X-ARR-LOG-ID="d718cd07-47c5-4256-b375-7e9767a83f35" CLIENT-IP="172.183.94.162:9234" X-SITE-DEPLOYMENT-ID="sanctuary-portal" WAS-DEFAULT-HOSTNAME="sanctuary-portal.scm.azurewebsites.net" X-Forwarded-Proto="https" X-AppService-Proto="https" X-Forwarded-TlsVersion="1.3" X-WAWS-Unencoded-URL="/api/zipdeploy?isAsync=true&amp;deployer=GITHUB_ZIP_DEPLOY&amp;message=%7B%22type%22%3A%22deployment%22%2C%22sha%22%3A%224fd87891e49cefe673293826c19c818e98d4a3fe%22%2C%22repoName%22%3A%22opsvantage-digital%2Fmarz-avatar-interface%22%2C%22actor%22%3A%22opsvantage-digital%22%2C%22slotName%22%3A%22production%22%2C%22commitMessage%22%3A%22Add%20webapp-logs%20to%20.gitignore%22%7D" X-Client-IP="172.183.94.162" X-Client-Port="9234" >
  <step title="Cleanup Xml Logs" date="2025-10-24T01:37:28.316" >
    <step title="Cleanup Infos" date="2025-10-24T01:37:28.327" totalFiles="223" totalCleanup="63" /><!-- duration: 18ms -->
  </step><!-- duration: 68ms -->
  <step title="ZipPushDeploy" date="2025-10-24T01:37:28.767" >
    <step title="ZipDeploy. Extract zip." date="2025-10-24T01:37:28.805" /><!-- duration: 2ms -->
    <step title="None repository commit" date="2025-10-24T01:37:28.817" >
      <step title="Commit id: 6ec33422-fea7-4f55-a63f-2f0b38af96d0" date="2025-10-24T01:37:28.824" Message="N/A" AuthorName="N/A" AuthorEmail="N/A" /><!-- duration: 1ms -->
    </step><!-- duration: 10ms -->
    <step title="Starting PushDeployAsync" date="2025-10-24T01:37:28.829" /><!-- duration: 5ms -->
    <step title="Removing node_modules symlink" date="2025-10-24T01:37:28.852" >
      <step title="Writing artifact to /tmp/zipdeploy/c566a82c-e9b8-41b0-a745-72032bf26efc.zip" date="2025-10-24T01:37:29.116" >
        <step title="Writing multipart request body to /tmp/zipdeploy/c566a82c-e9b8-41b0-a745-72032bf26efc.zip" date="2025-10-24T01:37:29.127" /><!-- duration: 17ms -->
      </step><!-- duration: 12008ms -->
      <step title="Removing previous build artifact&apos;s manifest file" date="2025-10-24T01:37:41.136" >
        <step title="Start deployment in the background" date="2025-10-24T01:37:41.175" >
          <step title="Acquiring Deployment Lock" date="2025-10-24T01:37:41.308" /><!-- duration: 8ms -->
          <step title="Acquired Deployment Lock" date="2025-10-24T01:37:41.463" /><!-- duration: 8ms -->
        </step><!-- duration: 618ms -->
      </step><!-- duration: 753ms -->
      <step title="Outgoing response" date="2025-10-24T01:37:41.949" type="response" statusCode="202" statusText="Accepted" /><!-- duration: 10ms -->
    </step><!-- duration: 13116ms -->
