<step title="Incoming Request" date="2025-10-31T09:19:39.493" instance="1ee237" url="/api/deployments/latest" method="GET" type="request" pid="825,1,32" Accept="*/*" Host="sanctuary-portal.scm.azurewebsites.net" User-Agent="AZURECLI/2.78.0 (MSI)" Accept-Encoding="gzip, deflate" Authorization="Bas..." x-ms-client-request-id="b3689855-b63a-11f0-b8f5-145afc07e81c" X-ARR-LOG-ID="b3689855-b63a-11f0-b8f5-145afc07e81c" CLIENT-IP="203.211.76.36:19725" X-SITE-DEPLOYMENT-ID="sanctuary-portal" WAS-DEFAULT-HOSTNAME="sanctuary-portal.scm.azurewebsites.net" X-Forwarded-Proto="https" X-AppService-Proto="https" X-Forwarded-TlsVersion="1.3" X-WAWS-Unencoded-URL="/api/deployments/latest" X-Client-IP="203.211.76.36" X-Client-Port="19725" >
  <step title="Cleanup Xml Logs" date="2025-10-31T09:19:39.498" >
    <step title="Cleanup Infos" date="2025-10-31T09:19:39.514" totalFiles="445" totalCleanup="285" /><!-- duration: 7ms -->
  </step><!-- duration: 27ms -->
  <step title="DeploymentService.GetResult" date="2025-10-31T09:19:39.561" >
    <step title="DeploymentService.GetLatestDeployment" date="2025-10-31T09:19:39.566" >
      <step title="DeploymentManager.GetResults" date="2025-10-31T09:19:39.570" /><!-- duration: 640ms -->
    </step><!-- duration: 649ms -->
  </step><!-- duration: 664ms -->
  <step title="Outgoing response" date="2025-10-31T09:19:40.236" type="response" statusCode="202" statusText="Accepted" /><!-- duration: 4ms -->
</step><!-- duration: 752ms -->
