<step title="BackgroundTrace" date="2025-10-19T01:39:25.793" instance="c8fb3b" url="/api/zipdeploy" method="POST" >
  <step title="Creating temporary deployment - FetchDeploymentManager" date="2025-10-19T01:39:25.903" /><!-- duration: 1ms -->
  <step title="Creating temporary deployment" date="2025-10-19T01:39:25.914" /><!-- duration: 170ms -->
  <step title="Performing fetch based deployment" date="2025-10-19T01:39:26.140" >
    <step title="Cleaning up temp folders from previous zip deployments and extracting pushed zip file /tmp/zipdeploy/5fc75ad5-35ef-4e69-828e-7d001330e47c.zip (0.23 MB) to /tmp/zipdeploy/extracted" date="2025-10-19T01:39:27.416" >
      <step title="ChmodRecursive Process exited with total time taken in ms: 72" date="2025-10-19T01:39:27.913" /><!-- duration: 3ms -->
    </step><!-- duration: 505ms -->
    <step title="Deployment timer started" date="2025-10-19T01:39:30.003" >
      <step title="DeploymentManager.Deploy(id:0cc1ba25-6b51-4a8b-b3ae-7eed3dfc80c8)" date="2025-10-19T01:39:30.022" >
        <step title="Collecting changeset information" date="2025-10-19T01:39:30.094" /><!-- duration: 148ms -->
        <step title="Updating submodules" date="2025-10-19T01:39:30.263" /><!-- duration: 1122ms -->
        <step title="Determining deployment builder" date="2025-10-19T01:39:31.631" >
          <step title="Builder is BasicBuilder" date="2025-10-19T01:39:31.661" /><!-- duration: 9ms -->
        </step><!-- duration: 49ms -->
        <step title="PreDeployment: context.CleanOutputPath False" date="2025-10-19T01:39:31.806" >
          <step title="PreDeployment: context.OutputPath /home/site/wwwroot" date="2025-10-19T01:39:31.952" >
            <step title="Building" date="2025-10-19T01:39:32.092" >
              <step title="Executing external process" date="2025-10-19T01:39:32.623" type="process" path="starter.sh" arguments="/opt/Kudu/Scripts/parallel_rsync.sh /tmp/zipdeploy/extracted /home/site/wwwroot 8 /tmp/ False True  " /><!-- duration: 6131ms -->
              <step title="Triggering recycle (preview mode disabled)." date="2025-10-19T01:39:39.028" /><!-- duration: 6ms -->
              <step title="Modified file to trigger a restart of the app container." date="2025-10-19T01:39:39.072" /><!-- duration: 2ms -->
              <step title="Skip function trigger and logicapp sync because function is not enabled." date="2025-10-19T01:39:39.082" /><!-- duration: 11ms -->
            </step><!-- duration: 7819ms -->
          </step><!-- duration: 7963ms -->
          <step title="Cleaning up temp files" date="2025-10-19T01:39:39.916" /><!-- duration: 8ms -->
          <step title="Cleaning up temp files" date="2025-10-19T01:39:39.929" /><!-- duration: 518ms -->
          <step title="Reloading status file with latest updates" date="2025-10-19T01:39:41.092" >
            <step title="WebHooksManager.PublishEventAsync: PostDeployment" date="2025-10-19T01:39:41.112" /><!-- duration: 140ms -->
          </step><!-- duration: 169ms -->
          <step title="Cleaning up temporary deployment - fetch deployment was successful" date="2025-10-19T01:39:41.281" /><!-- duration: 25ms -->
        </step><!-- duration: 9671ms -->
      </step><!-- duration: 11535ms -->
