<step title="Incoming Request" date="2025-10-24T08:46:12.987" instance="c8fb3b" url="/api/zipdeploy?isAsync=true&amp;deployer=GITHUB_ZIP_DEPLOY&amp;message=%7B%22type%22%3A%22deployment%22%2C%22sha%22%3A%22ee86041e79e01f222a25e7894f3ca5a02a8094a4%22%2C%22repoName%22%3A%22opsvantage-digital%2Fmarz-avatar-interface%22%2C%22actor%22%3A%22opsvantage-digital%22%2C%22slotName%22%3A%22production%22%2C%22commitMessage%22%3A%22ci(acr)%3A%20add%20%3Amain%20tag%2C%20digest%20summary%3B%20add%20deploy%20job%20to%20App%20Service%20container%20(non-conflicting)%22%7D" method="POST" type="request" pid="827,1,46" Host="sanctuary-portal.scm.azurewebsites.net" User-Agent="GITHUBACTIONS_DeployWebAppToAzure_bf4c71b5cd9aa1c94ef4a54f1c9bb6e95e8a6094c4209a1ecbcd493e852244de" Authorization="Bea..." Content-Type="application/octet-stream" Cookie="ARRAffinity=c8fb3b5a823bfbb2d788ddf199e5ecc35671bb8032d40fd8731abd02a1110dbd;Path=/;HttpOnly;Secure;Domain=sanctuary-portal.scm.azurewebsites.net; ARRAffinitySameSite=c8fb3b5a823bfbb2d788ddf199e5ecc35671bb8032d40fd8731abd02a1110dbd;Path=/;HttpOnly;SameSite=None;Secure;Domain=sanctuary-portal.scm.azurewebsites.net" Transfer-Encoding="chunked" X-ARR-LOG-ID="273896c1-e9f6-4768-b596-ade47bc009c6" CLIENT-IP="20.57.47.224:33728" X-SITE-DEPLOYMENT-ID="sanctuary-portal" WAS-DEFAULT-HOSTNAME="sanctuary-portal.scm.azurewebsites.net" X-Forwarded-Proto="https" X-AppService-Proto="https" X-Forwarded-TlsVersion="1.3" X-WAWS-Unencoded-URL="/api/zipdeploy?isAsync=true&amp;deployer=GITHUB_ZIP_DEPLOY&amp;message=%7B%22type%22%3A%22deployment%22%2C%22sha%22%3A%22ee86041e79e01f222a25e7894f3ca5a02a8094a4%22%2C%22repoName%22%3A%22opsvantage-digital%2Fmarz-avatar-interface%22%2C%22actor%22%3A%22opsvantage-digital%22%2C%22slotName%22%3A%22production%22%2C%22commitMessage%22%3A%22ci(acr)%3A%20add%20%3Amain%20tag%2C%20digest%20summary%3B%20add%20deploy%20job%20to%20App%20Service%20container%20(non-conflicting)%22%7D" X-Client-IP="20.57.47.224" X-Client-Port="33728" >
  <step title="Cleanup Xml Logs" date="2025-10-24T08:46:12.993" >
    <step title="Cleanup Infos" date="2025-10-24T08:46:13.010" totalFiles="365" totalCleanup="205" /><!-- duration: 6ms -->
  </step><!-- duration: 25ms -->
  <step title="ZipPushDeploy" date="2025-10-24T08:46:13.143" >
    <step title="ZipDeploy. Run from package." date="2025-10-24T08:46:13.149" /><!-- duration: 2ms -->
    <step title="Starting PushDeployAsync" date="2025-10-24T08:46:13.158" /><!-- duration: 3ms -->
    <step title="WEBSITE_RUN_FROM_PACKAGE is set to 1. Writing zip to SitePackagesPath" date="2025-10-24T08:46:13.170" /><!-- duration: 2ms -->
    <step title="Copying zip to SitePackages /home/data/SitePackages/20251024084613.zip from request body" date="2025-10-24T08:46:13.181" /><!-- duration: 8ms -->
    <step title="Writing multipart request body to /home/data/SitePackages/20251024084613.zip" date="2025-10-24T08:46:13.208" /><!-- duration: 2ms -->
    <step title="Start deployment in the background" date="2025-10-24T08:46:16.788" >
      <step title="Acquiring Deployment Lock" date="2025-10-24T08:46:16.875" /><!-- duration: 164ms -->
      <step title="Acquired Deployment Lock" date="2025-10-24T08:46:17.080" /><!-- duration: 2ms -->
    </step><!-- duration: 406ms -->
  </step><!-- duration: 4073ms -->
  <step title="Outgoing response" date="2025-10-24T08:46:17.247" type="response" statusCode="202" statusText="Accepted" /><!-- duration: 4ms -->
</step><!-- duration: 4266ms -->
