﻿<?xml version="1.0" encoding="utf-8"?>
<deployment>
  <id>d3d69ff4-7d20-420a-b94c-1231a873fa27</id>
  <author>N/A</author>
  <deployer>OneDeploy</deployer>
  <authorEmail>N/A</authorEmail>
  <message>OneDeploy</message>
  <progress></progress>
  <status>Success</status>
  <statusText></statusText>
  <lastSuccessEndTime>2025-11-10T16:56:00.7748555Z</lastSuccessEndTime>
  <receivedTime>2025-11-10T16:55:57.2119678Z</receivedTime>
  <startTime>2025-11-10T16:55:58.873456Z</startTime>
  <endTime>2025-11-10T16:56:00.7748555Z</endTime>
  <complete>True</complete>
  <is_temp>False</is_temp>
  <is_readonly>True</is_readonly>
  <buildSummary />
</deployment>