<step title="BackgroundTrace" date="2025-10-19T01:25:33.816" instance="c8fb3b" url="/api/zipdeploy" method="POST" >
  <step title="Creating temporary deployment - FetchDeploymentManager" date="2025-10-19T01:25:33.941" /><!-- duration: 8ms -->
  <step title="Creating temporary deployment" date="2025-10-19T01:25:33.960" /><!-- duration: 136ms -->
  <step title="Performing fetch based deployment" date="2025-10-19T01:25:34.176" >
    <step title="Cleaning up temp folders from previous zip deployments and extracting pushed zip file /tmp/zipdeploy/7cd87525-7bf9-4da3-b4cc-6b29946525ff.zip (0.23 MB) to /tmp/zipdeploy/extracted" date="2025-10-19T01:25:35.590" >
      <step title="ChmodRecursive Process exited with total time taken in ms: 132" date="2025-10-19T01:25:36.087" /><!-- duration: 9ms -->
    </step><!-- duration: 517ms -->
    <step title="Deployment timer started" date="2025-10-19T01:25:38.165" >
      <step title="DeploymentManager.Deploy(id:8674147d-c93d-494d-9eaf-aa662ec7ea98)" date="2025-10-19T01:25:38.201" >
        <step title="Collecting changeset information" date="2025-10-19T01:25:38.261" /><!-- duration: 198ms -->
        <step title="Updating submodules" date="2025-10-19T01:25:38.477" /><!-- duration: 1329ms -->
        <step title="Determining deployment builder" date="2025-10-19T01:25:40.425" >
          <step title="Builder is BasicBuilder" date="2025-10-19T01:25:40.547" /><!-- duration: 10ms -->
        </step><!-- duration: 150ms -->
        <step title="PreDeployment: context.CleanOutputPath False" date="2025-10-19T01:25:40.700" >
          <step title="PreDeployment: context.OutputPath /home/site/wwwroot" date="2025-10-19T01:25:40.839" >
            <step title="Building" date="2025-10-19T01:25:40.991" >
              <step title="Executing external process" date="2025-10-19T01:25:41.859" type="process" path="starter.sh" arguments="/opt/Kudu/Scripts/parallel_rsync.sh /tmp/zipdeploy/extracted /home/site/wwwroot 8 /tmp/ False True  " /><!-- duration: 8214ms -->
              <step title="Triggering recycle (preview mode disabled)." date="2025-10-19T01:25:50.667" /><!-- duration: 3ms -->
              <step title="Modified file to trigger a restart of the app container." date="2025-10-19T01:25:50.703" /><!-- duration: 2ms -->
              <step title="Skip function trigger and logicapp sync because function is not enabled." date="2025-10-19T01:25:50.709" /><!-- duration: 18ms -->
            </step><!-- duration: 10665ms -->
          </step><!-- duration: 10822ms -->
          <step title="Cleaning up temp files" date="2025-10-19T01:25:51.663" /><!-- duration: 3ms -->
          <step title="Cleaning up temp files" date="2025-10-19T01:25:51.673" /><!-- duration: 537ms -->
          <step title="Reloading status file with latest updates" date="2025-10-19T01:25:52.322" >
            <step title="WebHooksManager.PublishEventAsync: PostDeployment" date="2025-10-19T01:25:52.338" /><!-- duration: 92ms -->
          </step><!-- duration: 117ms -->
          <step title="Cleaning up temporary deployment - fetch deployment was successful" date="2025-10-19T01:25:52.480" /><!-- duration: 58ms -->
        </step><!-- duration: 11989ms -->
      </step><!-- duration: 14562ms -->
