<step title="BackgroundTrace" date="2025-10-31T09:19:34.853" instance="c8fb3b" url="/api/zipdeploy" method="POST" >
  <step title="Creating temporary deployment - FetchDeploymentManager" date="2025-10-31T09:19:35.029" /><!-- duration: 1ms -->
  <step title="Creating temporary deployment" date="2025-10-31T09:19:35.033" /><!-- duration: 110ms -->
  <step title="Performing fetch based deployment" date="2025-10-31T09:19:35.320" >
    <step title="Deployment timer started" date="2025-10-31T09:19:38.568" >
      <step title="DeploymentManager.Deploy(id:4ca70135-964a-4653-91a2-34438d1c0e71)" date="2025-10-31T09:19:38.575" >
        <step title="Collecting changeset information" date="2025-10-31T09:19:38.607" /><!-- duration: 114ms -->
        <step title="Updating submodules" date="2025-10-31T09:19:38.723" /><!-- duration: 1152ms -->
        <step title="Determining deployment builder" date="2025-10-31T09:19:40.092" >
          <step title="Builder is RunFromZipSiteBuilder" date="2025-10-31T09:19:40.100" /><!-- duration: 17ms -->
        </step><!-- duration: 27ms -->
        <step title="PreDeployment: context.CleanOutputPath False" date="2025-10-31T09:19:40.159" >
          <step title="PreDeployment: context.OutputPath /home/site/wwwroot" date="2025-10-31T09:19:40.312" >
            <step title="Building" date="2025-10-31T09:19:40.441" >
              <step title="Triggering recycle (preview mode disabled)." date="2025-10-31T09:19:41.068" /><!-- duration: 7ms -->
              <step title="Modified file to trigger a restart of the app container." date="2025-10-31T09:19:41.120" /><!-- duration: 2ms -->
              <step title="Skip function trigger and logicapp sync because function is not enabled." date="2025-10-31T09:19:41.142" /><!-- duration: 34ms -->
              <step title="Purge deployment items" date="2025-10-31T09:19:42.568" >
                <step title="Remove 7866fafa-, Success, received at 10/24/2025 10:22:59" date="2025-10-31T09:19:42.612" /><!-- duration: 2ms -->
              </step><!-- duration: 48ms -->
            </step><!-- duration: 2253ms -->
          </step><!-- duration: 2385ms -->
          <step title="Cleaning up temp files" date="2025-10-31T09:19:42.699" /><!-- duration: 3ms -->
          <step title="Cleaning up temp files" date="2025-10-31T09:19:42.720" /><!-- duration: 512ms -->
          <step title="Reloading status file with latest updates" date="2025-10-31T09:19:43.284" >
            <step title="WebHooksManager.PublishEventAsync: PostDeployment" date="2025-10-31T09:19:43.288" /><!-- duration: 100ms -->
          </step><!-- duration: 106ms -->
          <step title="Cleaning up temporary deployment - fetch deployment was successful" date="2025-10-31T09:19:43.394" /><!-- duration: 4ms -->
        </step><!-- duration: 3306ms -->
      </step><!-- duration: 4900ms -->
