<step title="Incoming Request" date="2025-10-24T01:25:11.790" instance="c8fb3b" url="/api/zipdeploy?isAsync=true&amp;deployer=GITHUB_ZIP_DEPLOY&amp;message=%7B%22type%22%3A%22deployment%22%2C%22sha%22%3A%22a2160e969f9182a873590aee6ee1228e4fed6f55%22%2C%22repoName%22%3A%22opsvantage-digital%2Fmarz-avatar-interface%22%2C%22actor%22%3A%22opsvantage-digital%22%2C%22slotName%22%3A%22production%22%2C%22commitMessage%22%3A%22Remove%20accidentally%20committed%20log%20files%22%7D" method="POST" type="request" pid="823,1,23" Host="sanctuary-portal.scm.azurewebsites.net" User-Agent="GITHUBACTIONS_DeployWebAppToAzure_bf4c71b5cd9aa1c94ef4a54f1c9bb6e95e8a6094c4209a1ecbcd493e852244de" Authorization="Bea..." Content-Type="application/octet-stream" Cookie="ARRAffinity=c8fb3b5a823bfbb2d788ddf199e5ecc35671bb8032d40fd8731abd02a1110dbd;Path=/;HttpOnly;Secure;Domain=sanctuary-portal.scm.azurewebsites.net; ARRAffinitySameSite=c8fb3b5a823bfbb2d788ddf199e5ecc35671bb8032d40fd8731abd02a1110dbd;Path=/;HttpOnly;SameSite=None;Secure;Domain=sanctuary-portal.scm.azurewebsites.net" Transfer-Encoding="chunked" X-ARR-LOG-ID="6208fc79-ac8a-4249-9fdb-192bd6246322" CLIENT-IP="172.182.226.135:26626" X-SITE-DEPLOYMENT-ID="sanctuary-portal" WAS-DEFAULT-HOSTNAME="sanctuary-portal.scm.azurewebsites.net" X-Forwarded-Proto="https" X-AppService-Proto="https" X-Forwarded-TlsVersion="1.3" X-WAWS-Unencoded-URL="/api/zipdeploy?isAsync=true&amp;deployer=GITHUB_ZIP_DEPLOY&amp;message=%7B%22type%22%3A%22deployment%22%2C%22sha%22%3A%22a2160e969f9182a873590aee6ee1228e4fed6f55%22%2C%22repoName%22%3A%22opsvantage-digital%2Fmarz-avatar-interface%22%2C%22actor%22%3A%22opsvantage-digital%22%2C%22slotName%22%3A%22production%22%2C%22commitMessage%22%3A%22Remove%20accidentally%20committed%20log%20files%22%7D" X-Client-IP="172.182.226.135" X-Client-Port="26626" >
  <step title="ZipPushDeploy" date="2025-10-24T01:25:11.809" >
    <step title="ZipDeploy. Extract zip." date="2025-10-24T01:25:11.828" /><!-- duration: 8ms -->
    <step title="Starting PushDeployAsync" date="2025-10-24T01:25:11.848" /><!-- duration: 9ms -->
    <step title="Writing artifact to /tmp/zipdeploy/75e9535f-aa82-476b-b6a5-90a37edc2bb3.zip" date="2025-10-24T01:25:11.924" >
      <step title="Writing multipart request body to /tmp/zipdeploy/75e9535f-aa82-476b-b6a5-90a37edc2bb3.zip" date="2025-10-24T01:25:11.934" /><!-- duration: 18ms -->
    </step><!-- duration: 11440ms -->
    <step title="Start deployment in the background" date="2025-10-24T01:25:23.401" >
      <step title="Acquiring Deployment Lock" date="2025-10-24T01:25:23.513" /><!-- duration: 8ms -->
      <step title="Cannot Acquire Deployment Lock already held" date="2025-10-24T01:25:23.531" /><!-- duration: 49ms -->
    </step><!-- duration: 251ms -->
    <step title="There is a deployment currently in progress. Please try again when it completes." date="2025-10-24T01:25:23.687" /><!-- duration: 17ms -->
  </step><!-- duration: 11914ms -->
  <step title="Outgoing response" date="2025-10-24T01:25:23.742" type="response" statusCode="409" statusText="Conflict" /><!-- duration: 19ms -->
</step><!-- duration: 11981ms -->
