<step title="Incoming Request" date="2025-10-24T02:19:33.464" instance="c8fb3b" url="/api/deployments/latest?deployer=GITHUB_ZIP_DEPLOY&amp;time=2025-10-24_02-18-57Z" method="GET" type="request" pid="823,1,54" Host="sanctuary-portal.scm.azurewebsites.net" User-Agent="GITHUBACTIONS_DeployWebAppToAzure_bf4c71b5cd9aa1c94ef4a54f1c9bb6e95e8a6094c4209a1ecbcd493e852244de" Authorization="Bea..." Content-Type="application/json; charset=utf-8" Cookie="ARRAffinity=c8fb3b5a823bfbb2d788ddf199e5ecc35671bb8032d40fd8731abd02a1110dbd;Path=/;HttpOnly;Secure;Domain=sanctuary-portal.scm.azurewebsites.net; ARRAffinitySameSite=c8fb3b5a823bfbb2d788ddf199e5ecc35671bb8032d40fd8731abd02a1110dbd;Path=/;HttpOnly;SameSite=None;Secure;Domain=sanctuary-portal.scm.azurewebsites.net" Content-Length="0" X-ARR-LOG-ID="d7de324c-2b18-4cf3-8480-375e2fce1d67" CLIENT-IP="132.196.32.65:36873" X-SITE-DEPLOYMENT-ID="sanctuary-portal" WAS-DEFAULT-HOSTNAME="sanctuary-portal.scm.azurewebsites.net" X-Forwarded-Proto="https" X-AppService-Proto="https" X-Forwarded-TlsVersion="1.3" X-WAWS-Unencoded-URL="/api/deployments/latest?deployer=GITHUB_ZIP_DEPLOY&amp;time=2025-10-24_02-18-57Z" X-Client-IP="132.196.32.65" X-Client-Port="36873" >
  <step title="Cleanup Xml Logs" date="2025-10-24T02:19:33.472" >
    <step title="Cleanup Infos" date="2025-10-24T02:19:33.494" totalFiles="295" totalCleanup="135" /><!-- duration: 20ms -->
  </step><!-- duration: 43ms -->
  <step title="DeploymentService.GetResult" date="2025-10-24T02:19:33.524" >
    <step title="DeploymentService.GetLatestDeployment" date="2025-10-24T02:19:33.531" >
      <step title="DeploymentManager.GetResults" date="2025-10-24T02:19:33.533" /><!-- duration: 863ms -->
    </step><!-- duration: 874ms -->
  </step><!-- duration: 890ms -->
  <step title="Outgoing response" date="2025-10-24T02:19:34.425" type="response" statusCode="202" statusText="Accepted" /><!-- duration: 54ms -->
</step><!-- duration: 1024ms -->
