<step title="BackgroundTrace" date="2025-10-24T01:03:04.226" instance="c8fb3b" url="/api/zipdeploy" method="POST" >
  <step title="Cleanup Xml Logs" date="2025-10-24T01:03:04.228" /><!-- duration: 10ms -->
  <step title="Creating temporary deployment - FetchDeploymentManager" date="2025-10-24T01:03:04.360" /><!-- duration: 2ms -->
  <step title="Creating temporary deployment" date="2025-10-24T01:03:04.381" /><!-- duration: 402ms -->
  <step title="Performing fetch based deployment" date="2025-10-24T01:03:04.848" >
    <step title="Cleaning up temp folders from previous zip deployments and extracting pushed zip file /tmp/zipdeploy/6fc369a6-6b9f-4a67-86a5-38c5010bfbc9.zip (19.07 MB) to /tmp/zipdeploy/extracted" date="2025-10-24T01:03:06.123" >
      <step title="ChmodRecursive Process exited with total time taken in ms: 53" date="2025-10-24T01:03:06.592" /><!-- duration: 3ms -->
    </step><!-- duration: 482ms -->
    <step title="Deployment timer started" date="2025-10-24T01:03:08.676" >
      <step title="DeploymentManager.Deploy(id:27b93a2a-1a93-4943-afda-38bb278bf4ad)" date="2025-10-24T01:03:08.717" >
        <step title="Collecting changeset information" date="2025-10-24T01:03:08.839" /><!-- duration: 287ms -->
        <step title="Updating submodules" date="2025-10-24T01:03:09.130" /><!-- duration: 1226ms -->
        <step title="Determining deployment builder" date="2025-10-24T01:03:10.607" >
          <step title="Builder is BasicBuilder" date="2025-10-24T01:03:10.637" /><!-- duration: 3ms -->
        </step><!-- duration: 48ms -->
        <step title="PreDeployment: context.CleanOutputPath False" date="2025-10-24T01:03:10.713" >
          <step title="PreDeployment: context.OutputPath /home/site/wwwroot" date="2025-10-24T01:03:10.836" >
            <step title="Building" date="2025-10-24T01:03:11.007" >
              <step title="Executing external process" date="2025-10-24T01:03:11.428" type="process" path="starter.sh" arguments="/opt/Kudu/Scripts/parallel_rsync.sh /tmp/zipdeploy/extracted /home/site/wwwroot 8 /tmp/ False True  " /><!-- duration: 7164ms -->
              <step title="Triggering recycle (preview mode disabled)." date="2025-10-24T01:03:18.972" /><!-- duration: 4ms -->
              <step title="Modified file to trigger a restart of the app container." date="2025-10-24T01:03:19.013" /><!-- duration: 4ms -->
              <step title="Skip function trigger and logicapp sync because function is not enabled." date="2025-10-24T01:03:19.052" /><!-- duration: 8ms -->
            </step><!-- duration: 9313ms -->
          </step><!-- duration: 9487ms -->
          <step title="Cleaning up temp files" date="2025-10-24T01:03:20.325" /><!-- duration: 4ms -->
          <step title="Cleaning up temp files" date="2025-10-24T01:03:20.339" /><!-- duration: 518ms -->
          <step title="Reloading status file with latest updates" date="2025-10-24T01:03:21.189" >
            <step title="WebHooksManager.PublishEventAsync: PostDeployment" date="2025-10-24T01:03:21.197" /><!-- duration: 193ms -->
          </step><!-- duration: 203ms -->
          <step title="Cleaning up temporary deployment - fetch deployment was successful" date="2025-10-24T01:03:21.411" /><!-- duration: 13ms -->
        </step><!-- duration: 11036ms -->
      </step><!-- duration: 13042ms -->
