<step title="Incoming Request" date="2025-10-24T02:43:33.351" instance="c8fb3b" url="/api/deployments/latest?deployer=GITHUB_ZIP_DEPLOY&amp;time=2025-10-24_02-43-32Z" method="GET" type="request" pid="823,1,52" Host="sanctuary-portal.scm.azurewebsites.net" User-Agent="GITHUBACTIONS_DeployWebAppToAzure_bf4c71b5cd9aa1c94ef4a54f1c9bb6e95e8a6094c4209a1ecbcd493e852244de" Authorization="Bea..." Content-Type="application/json; charset=utf-8" Cookie="ARRAffinity=c8fb3b5a823bfbb2d788ddf199e5ecc35671bb8032d40fd8731abd02a1110dbd;Path=/;HttpOnly;Secure;Domain=sanctuary-portal.scm.azurewebsites.net; ARRAffinitySameSite=c8fb3b5a823bfbb2d788ddf199e5ecc35671bb8032d40fd8731abd02a1110dbd;Path=/;HttpOnly;SameSite=None;Secure;Domain=sanctuary-portal.scm.azurewebsites.net" Content-Length="0" X-ARR-LOG-ID="78dfa2a3-ead5-48e4-aa7c-18bbc293352a" CLIENT-IP="52.159.247.177:28680" X-SITE-DEPLOYMENT-ID="sanctuary-portal" WAS-DEFAULT-HOSTNAME="sanctuary-portal.scm.azurewebsites.net" X-Forwarded-Proto="https" X-AppService-Proto="https" X-Forwarded-TlsVersion="1.3" X-WAWS-Unencoded-URL="/api/deployments/latest?deployer=GITHUB_ZIP_DEPLOY&amp;time=2025-10-24_02-43-32Z" X-Client-IP="52.159.247.177" X-Client-Port="28680" >
  <step title="Cleanup Xml Logs" date="2025-10-24T02:43:33.390" >
    <step title="Cleanup Infos" date="2025-10-24T02:43:33.478" totalFiles="325" totalCleanup="165" /><!-- duration: 27ms -->
  </step><!-- duration: 124ms -->
  <step title="DeploymentService.GetResult" date="2025-10-24T02:43:33.565" >
    <step title="DeploymentService.GetLatestDeployment" date="2025-10-24T02:43:33.568" >
      <step title="DeploymentManager.GetResults" date="2025-10-24T02:43:33.572" /><!-- duration: 982ms -->
    </step><!-- duration: 1014ms -->
  </step><!-- duration: 1026ms -->
  <step title="Outgoing response" date="2025-10-24T02:43:34.612" type="response" statusCode="202" statusText="Accepted" /><!-- duration: 11ms -->
</step><!-- duration: 1280ms -->
