<step title="Incoming Request" date="2025-10-24T12:19:51.287" instance="c8fb3b" url="/api/zipdeploy?isAsync=true&amp;deployer=GITHUB_ZIP_DEPLOY&amp;message=%7B%22type%22%3A%22deployment%22%2C%22sha%22%3A%22befda5569aa3e868bf3d7b26980731d2fc3dd1c0%22%2C%22repoName%22%3A%22opsvantage-digital%2Fmarz-avatar-interface%22%2C%22actor%22%3A%22opsvantage-digital%22%2C%22slotName%22%3A%22production%22%2C%22commitMessage%22%3A%22ci(deploy)%3A%20set%20platform%20health%20check%20to%20%2Fapi%2Fhealth%20and%20verify%20both%20%2Fapi%2Fhealth%20and%20%2Fhealth%3B%20include%20%2Fhealth%20in%20smoke%20tests%22%7D" method="POST" type="request" pid="827,1,57" Host="sanctuary-portal.scm.azurewebsites.net" User-Agent="GITHUBACTIONS_DeployWebAppToAzure_bf4c71b5cd9aa1c94ef4a54f1c9bb6e95e8a6094c4209a1ecbcd493e852244de" Authorization="Bea..." Content-Type="application/octet-stream" Cookie="ARRAffinity=c8fb3b5a823bfbb2d788ddf199e5ecc35671bb8032d40fd8731abd02a1110dbd;Path=/;HttpOnly;Secure;Domain=sanctuary-portal.scm.azurewebsites.net; ARRAffinitySameSite=c8fb3b5a823bfbb2d788ddf199e5ecc35671bb8032d40fd8731abd02a1110dbd;Path=/;HttpOnly;SameSite=None;Secure;Domain=sanctuary-portal.scm.azurewebsites.net" Transfer-Encoding="chunked" X-ARR-LOG-ID="6256d8d2-0012-4d9a-ae45-b8e26f995809" CLIENT-IP="68.154.115.181:63488" X-SITE-DEPLOYMENT-ID="sanctuary-portal" WAS-DEFAULT-HOSTNAME="sanctuary-portal.scm.azurewebsites.net" X-Forwarded-Proto="https" X-AppService-Proto="https" X-Forwarded-TlsVersion="1.3" X-WAWS-Unencoded-URL="/api/zipdeploy?isAsync=true&amp;deployer=GITHUB_ZIP_DEPLOY&amp;message=%7B%22type%22%3A%22deployment%22%2C%22sha%22%3A%22befda5569aa3e868bf3d7b26980731d2fc3dd1c0%22%2C%22repoName%22%3A%22opsvantage-digital%2Fmarz-avatar-interface%22%2C%22actor%22%3A%22opsvantage-digital%22%2C%22slotName%22%3A%22production%22%2C%22commitMessage%22%3A%22ci(deploy)%3A%20set%20platform%20health%20check%20to%20%2Fapi%2Fhealth%20and%20verify%20both%20%2Fapi%2Fhealth%20and%20%2Fhealth%3B%20include%20%2Fhealth%20in%20smoke%20tests%22%7D" X-Client-IP="68.154.115.181" X-Client-Port="63488" >
  <step title="Cleanup Xml Logs" date="2025-10-24T12:19:51.291" >
    <step title="Cleanup Infos" date="2025-10-24T12:19:51.302" totalFiles="390" totalCleanup="230" /><!-- duration: 3ms -->
  </step><!-- duration: 18ms -->
  <step title="ZipPushDeploy" date="2025-10-24T12:19:51.351" >
    <step title="ZipDeploy. Run from package." date="2025-10-24T12:19:51.384" /><!-- duration: 2ms -->
    <step title="Starting PushDeployAsync" date="2025-10-24T12:19:51.403" /><!-- duration: 2ms -->
    <step title="WEBSITE_RUN_FROM_PACKAGE is set to 1. Writing zip to SitePackagesPath" date="2025-10-24T12:19:51.433" /><!-- duration: 2ms -->
    <step title="Copying zip to SitePackages /home/data/SitePackages/20251024121951.zip from request body" date="2025-10-24T12:19:51.461" /><!-- duration: 3ms -->
    <step title="Writing multipart request body to /home/data/SitePackages/20251024121951.zip" date="2025-10-24T12:19:51.502" /><!-- duration: 3ms -->
    <step title="Deleting outdated zip file /home/data/SitePackages/20251024084613.zip" date="2025-10-24T12:19:55.855" /><!-- duration: 9ms -->
    <step title="Start deployment in the background" date="2025-10-24T12:19:55.887" >
      <step title="Acquiring Deployment Lock" date="2025-10-24T12:19:55.928" /><!-- duration: 2ms -->
      <step title="Acquired Deployment Lock" date="2025-10-24T12:19:55.988" /><!-- duration: 2ms -->
    </step><!-- duration: 197ms -->
  </step><!-- duration: 4751ms -->
  <step title="Outgoing response" date="2025-10-24T12:19:56.106" type="response" statusCode="202" statusText="Accepted" /><!-- duration: 2ms -->
</step><!-- duration: 4822ms -->
