<step title="Incoming Request" date="2025-10-31T08:25:19.140" instance="c8fb3b" url="/api/deployments/latest" method="GET" type="request" pid="827,1,46" Accept="*/*" Host="sanctuary-portal.scm.azurewebsites.net" User-Agent="AZURECLI/2.77.0 (MSI)" Accept-Encoding="gzip, deflate" Authorization="Bas..." x-ms-client-request-id="1c728011-b633-11f0-856b-145afc07e81c" X-ARR-LOG-ID="1c728011-b633-11f0-856b-145afc07e81c" CLIENT-IP="203.211.76.36:30513" X-SITE-DEPLOYMENT-ID="sanctuary-portal" WAS-DEFAULT-HOSTNAME="sanctuary-portal.scm.azurewebsites.net" X-Forwarded-Proto="https" X-AppService-Proto="https" X-Forwarded-TlsVersion="1.3" X-WAWS-Unencoded-URL="/api/deployments/latest" X-Client-IP="203.211.76.36" X-Client-Port="30513" >
  <step title="Cleanup Xml Logs" date="2025-10-31T08:25:19.141" >
    <step title="Cleanup Infos" date="2025-10-31T08:25:19.150" totalFiles="428" totalCleanup="268" /><!-- duration: 2ms -->
  </step><!-- duration: 13ms -->
  <step title="DeploymentService.GetResult" date="2025-10-31T08:25:19.158" >
    <step title="DeploymentService.GetLatestDeployment" date="2025-10-31T08:25:19.159" >
      <step title="DeploymentManager.GetResults" date="2025-10-31T08:25:19.161" /><!-- duration: 642ms -->
    </step><!-- duration: 649ms -->
  </step><!-- duration: 675ms -->
  <step title="Outgoing response" date="2025-10-31T08:25:19.836" type="response" statusCode="202" statusText="Accepted" /><!-- duration: 3ms -->
</step><!-- duration: 701ms -->
