<step title="BackgroundTrace" date="2025-10-31T09:26:27.186" instance="1ee237" url="/api/zipdeploy" method="POST" >
  <step title="Cleanup Xml Logs" date="2025-10-31T09:26:27.236" >
    <step title="Cleanup Infos" date="2025-10-31T09:26:27.408" totalFiles="459" totalCleanup="299" /><!-- duration: 41ms -->
  </step><!-- duration: 233ms -->
  <step title="Creating temporary deployment - FetchDeploymentManager" date="2025-10-31T09:26:28.363" /><!-- duration: 62ms -->
  <step title="Creating temporary deployment" date="2025-10-31T09:26:28.515" /><!-- duration: 331ms -->
  <step title="Performing fetch based deployment" date="2025-10-31T09:26:29.108" >
    <step title="Deployment timer started" date="2025-10-31T09:26:32.832" >
      <step title="DeploymentManager.Deploy(id:cc2b3a73-de52-4eaf-8a77-397837559305)" date="2025-10-31T09:26:32.923" >
        <step title="Collecting changeset information" date="2025-10-31T09:26:33.065" /><!-- duration: 2756ms -->
        <step title="Updating submodules" date="2025-10-31T09:26:35.951" /><!-- duration: 1457ms -->
        <step title="Determining deployment builder" date="2025-10-31T09:26:37.982" >
          <step title="Builder is RunFromZipSiteBuilder" date="2025-10-31T09:26:38.013" /><!-- duration: 30ms -->
        </step><!-- duration: 81ms -->
        <step title="PreDeployment: context.CleanOutputPath False" date="2025-10-31T09:26:38.262" >
          <step title="PreDeployment: context.OutputPath /home/site/wwwroot" date="2025-10-31T09:26:38.584" >
            <step title="Building" date="2025-10-31T09:26:38.916" >
              <step title="Triggering recycle (preview mode disabled)." date="2025-10-31T09:26:40.294" /><!-- duration: 51ms -->
              <step title="Modified file to trigger a restart of the app container." date="2025-10-31T09:26:40.464" /><!-- duration: 13ms -->
              <step title="Skip function trigger and logicapp sync because function is not enabled." date="2025-10-31T09:26:40.506" /><!-- duration: 48ms -->
              <step title="Purge deployment items" date="2025-10-31T09:26:44.409" >
                <step title="Remove 0ab51a00-, Success, received at 10/24/2025 12:19:59" date="2025-10-31T09:26:44.660" /><!-- duration: 20ms -->
              </step><!-- duration: 310ms -->
            </step><!-- duration: 5993ms -->
          </step><!-- duration: 6345ms -->
          <step title="Cleaning up temp files" date="2025-10-31T09:26:44.941" /><!-- duration: 21ms -->
          <step title="Cleaning up temp files" date="2025-10-31T09:26:45.010" /><!-- duration: 563ms -->
          <step title="Reloading status file with latest updates" date="2025-10-31T09:26:45.635" >
            <step title="WebHooksManager.PublishEventAsync: PostDeployment" date="2025-10-31T09:26:45.643" /><!-- duration: 122ms -->
          </step><!-- duration: 135ms -->
          <step title="Cleaning up temporary deployment - fetch deployment was successful" date="2025-10-31T09:26:45.780" /><!-- duration: 4ms -->
        </step><!-- duration: 7634ms -->
      </step><!-- duration: 12994ms -->
