<step title="BackgroundTrace" date="2025-10-24T01:06:33.307" instance="c8fb3b" url="/api/zipdeploy" method="POST" >
  <step title="Cleanup Xml Logs" date="2025-10-24T01:06:33.309" /><!-- duration: 10ms -->
  <step title="Creating temporary deployment - FetchDeploymentManager" date="2025-10-24T01:06:33.348" /><!-- duration: 1ms -->
  <step title="Creating temporary deployment" date="2025-10-24T01:06:33.352" /><!-- duration: 41ms -->
  <step title="Performing fetch based deployment" date="2025-10-24T01:06:33.412" >
    <step title="Cleaning up temp folders from previous zip deployments and extracting pushed zip file /tmp/zipdeploy/2530ff93-722a-456c-bb8d-43b154959d6b.zip (19.07 MB) to /tmp/zipdeploy/extracted" date="2025-10-24T01:06:34.562" >
      <step title="ChmodRecursive Process exited with total time taken in ms: 70" date="2025-10-24T01:06:34.941" /><!-- duration: 9ms -->
    </step><!-- duration: 398ms -->
    <step title="Deployment timer started" date="2025-10-24T01:06:36.987" >
      <step title="DeploymentManager.Deploy(id:bb9c9f53-555b-4b52-8e02-cc416da22b82)" date="2025-10-24T01:06:36.991" >
        <step title="Collecting changeset information" date="2025-10-24T01:06:37.039" /><!-- duration: 95ms -->
        <step title="Updating submodules" date="2025-10-24T01:06:37.137" /><!-- duration: 1104ms -->
        <step title="Determining deployment builder" date="2025-10-24T01:06:38.451" >
          <step title="Builder is BasicBuilder" date="2025-10-24T01:06:38.470" /><!-- duration: 2ms -->
        </step><!-- duration: 29ms -->
        <step title="PreDeployment: context.CleanOutputPath False" date="2025-10-24T01:06:38.536" >
          <step title="PreDeployment: context.OutputPath /home/site/wwwroot" date="2025-10-24T01:06:38.636" >
            <step title="Building" date="2025-10-24T01:06:38.743" >
              <step title="Executing external process" date="2025-10-24T01:06:38.988" type="process" path="starter.sh" arguments="/opt/Kudu/Scripts/parallel_rsync.sh /tmp/zipdeploy/extracted /home/site/wwwroot 8 /tmp/ False True  " /><!-- duration: 7591ms -->
              <step title="Triggering recycle (preview mode disabled)." date="2025-10-24T01:06:46.874" /><!-- duration: 2ms -->
              <step title="Modified file to trigger a restart of the app container." date="2025-10-24T01:06:46.912" /><!-- duration: 3ms -->
              <step title="Skip function trigger and logicapp sync because function is not enabled." date="2025-10-24T01:06:46.918" /><!-- duration: 7ms -->
              <step title="Purge deployment items" date="2025-10-24T01:06:48.048" >
                <step title="Remove ba9b3c65-, Success, received at 10/19/2025 01:10:36" date="2025-10-24T01:06:48.112" /><!-- duration: 2ms -->
              </step><!-- duration: 68ms -->
            </step><!-- duration: 9448ms -->
          </step><!-- duration: 9556ms -->
          <step title="Cleaning up temp files" date="2025-10-24T01:06:48.195" /><!-- duration: 2ms -->
          <step title="Cleaning up temp files" date="2025-10-24T01:06:48.201" /><!-- duration: 512ms -->
          <step title="Reloading status file with latest updates" date="2025-10-24T01:06:48.732" >
            <step title="WebHooksManager.PublishEventAsync: PostDeployment" date="2025-10-24T01:06:48.735" /><!-- duration: 32ms -->
          </step><!-- duration: 36ms -->
          <step title="Cleaning up temporary deployment - fetch deployment was successful" date="2025-10-24T01:06:48.773" /><!-- duration: 2ms -->
        </step><!-- duration: 10307ms -->
      </step><!-- duration: 11862ms -->
