<step title="Incoming Request" date="2025-10-24T02:20:49.967" instance="c8fb3b" url="/api/deployments/latest?deployer=GITHUB_ZIP_DEPLOY&amp;time=2025-10-24_02-18-57Z" method="GET" type="request" pid="823,1,21" Host="sanctuary-portal.scm.azurewebsites.net" User-Agent="GITHUBACTIONS_DeployWebAppToAzure_bf4c71b5cd9aa1c94ef4a54f1c9bb6e95e8a6094c4209a1ecbcd493e852244de" Authorization="Bea..." Content-Type="application/json; charset=utf-8" Cookie="ARRAffinity=c8fb3b5a823bfbb2d788ddf199e5ecc35671bb8032d40fd8731abd02a1110dbd;Path=/;HttpOnly;Secure;Domain=sanctuary-portal.scm.azurewebsites.net; ARRAffinitySameSite=c8fb3b5a823bfbb2d788ddf199e5ecc35671bb8032d40fd8731abd02a1110dbd;Path=/;HttpOnly;SameSite=None;Secure;Domain=sanctuary-portal.scm.azurewebsites.net" Content-Length="0" X-ARR-LOG-ID="826df1fd-fbe7-4fc7-8171-0e462c49a236" CLIENT-IP="132.196.32.65:36872" X-SITE-DEPLOYMENT-ID="sanctuary-portal" WAS-DEFAULT-HOSTNAME="sanctuary-portal.scm.azurewebsites.net" X-Forwarded-Proto="https" X-AppService-Proto="https" X-Forwarded-TlsVersion="1.3" X-WAWS-Unencoded-URL="/api/deployments/latest?deployer=GITHUB_ZIP_DEPLOY&amp;time=2025-10-24_02-18-57Z" X-Client-IP="132.196.32.65" X-Client-Port="36872" >
  <step title="Cleanup Xml Logs" date="2025-10-24T02:20:49.986" >
    <step title="Cleanup Infos" date="2025-10-24T02:20:50.014" totalFiles="306" totalCleanup="146" /><!-- duration: 20ms -->
  </step><!-- duration: 69ms -->
  <step title="DeploymentService.GetResult" date="2025-10-24T02:20:50.073" >
    <step title="DeploymentService.GetLatestDeployment" date="2025-10-24T02:20:50.075" >
      <step title="DeploymentManager.GetResults" date="2025-10-24T02:20:50.083" /><!-- duration: 1069ms -->
    </step><!-- duration: 1086ms -->
  </step><!-- duration: 1095ms -->
  <step title="Outgoing response" date="2025-10-24T02:20:51.181" type="response" statusCode="202" statusText="Accepted" /><!-- duration: 56ms -->
</step><!-- duration: 1278ms -->
