<step title="BackgroundTrace" date="2025-10-24T02:09:32.595" instance="c8fb3b" url="/api/zipdeploy" method="POST" >
  <step title="Cleanup Xml Logs" date="2025-10-24T02:09:32.597" >
    <step title="Cleanup Infos" date="2025-10-24T02:09:32.606" totalFiles="256" totalCleanup="96" /><!-- duration: 3ms -->
  </step><!-- duration: 14ms -->
  <step title="Creating temporary deployment - FetchDeploymentManager" date="2025-10-24T02:09:32.695" /><!-- duration: 1ms -->
  <step title="Creating temporary deployment" date="2025-10-24T02:09:32.711" /><!-- duration: 411ms -->
  <step title="Performing fetch based deployment" date="2025-10-24T02:09:33.411" >
    <step title="Cleaning up temp folders from previous zip deployments and extracting pushed zip file /tmp/zipdeploy/674ba73e-fba7-43ec-b704-fd6fb0c477c4.zip (202.98 MB) to /tmp/zipdeploy/extracted" date="2025-10-24T02:09:35.375" >
      <step title="ChmodRecursive Process exited with total time taken in ms: 665" date="2025-10-24T02:10:09.942" /><!-- duration: 9ms -->
    </step><!-- duration: 34585ms -->
    <step title="Deployment timer started" date="2025-10-24T02:10:12.007" >
      <step title="DeploymentManager.Deploy(id:1637ca03-ec00-4863-88e3-f3f69b130625)" date="2025-10-24T02:10:12.012" >
        <step title="Collecting changeset information" date="2025-10-24T02:10:12.041" /><!-- duration: 104ms -->
        <step title="Updating submodules" date="2025-10-24T02:10:12.147" /><!-- duration: 1102ms -->
        <step title="Determining deployment builder" date="2025-10-24T02:10:13.489" >
          <step title="Builder is BasicBuilder" date="2025-10-24T02:10:13.499" /><!-- duration: 15ms -->
        </step><!-- duration: 28ms -->
        <step title="PreDeployment: context.CleanOutputPath False" date="2025-10-24T02:10:13.573" >
          <step title="PreDeployment: context.OutputPath /home/site/wwwroot" date="2025-10-24T02:10:13.674" >
            <step title="Building" date="2025-10-24T02:10:13.794" >
              <step title="Executing external process" date="2025-10-24T02:10:14.426" type="process" path="starter.sh" arguments="/opt/Kudu/Scripts/absoluteTar.sh /tmp/zipdeploy/extracted/node_modules /tmp/zipdeploy/extracted/node_modules.tar.gz" >
                <step title="Cpu: gzip(1441,40.920s)+sh(1440,0.000s)+tar(1439,3.030s)+absoluteTar.sh(1438,0.020s)=total(43.970s)" date="2025-10-24T02:11:14.930" /><!-- duration: 20ms -->
                <step title="starter.sh: no io activity for 60s, prev-cpu=-1.000s, current-cpu=43.970s" date="2025-10-24T02:11:14.979" /><!-- duration: 2ms -->
                <step title="Cpu: gzip(1441,81.800s)+sh(1440,0.000s)+tar(1439,4.960s)+absoluteTar.sh(1438,0.020s)=total(86.780s)" date="2025-10-24T02:12:15.282" /><!-- duration: 19ms -->
                <step title="starter.sh: no io activity for 121s, prev-cpu=43.970s, current-cpu=86.780s" date="2025-10-24T02:12:15.364" /><!-- duration: 65ms -->
              </step><!-- duration: 149679ms -->
              <step title="Executing external process" date="2025-10-24T02:12:44.366" type="process" path="starter.sh" arguments="/opt/Kudu/Scripts/parallel_rsync.sh /tmp/zipdeploy/extracted /home/site/wwwroot 8 /tmp/ False True node_modules " /><!-- duration: 14118ms -->
              <step title="Triggering recycle (preview mode disabled)." date="2025-10-24T02:12:59.100" /><!-- duration: 1ms -->
              <step title="Modified file to trigger a restart of the app container." date="2025-10-24T02:12:59.132" /><!-- duration: 1ms -->
              <step title="Skip function trigger and logicapp sync because function is not enabled." date="2025-10-24T02:12:59.142" /><!-- duration: 7ms -->
              <step title="Purge deployment items" date="2025-10-24T02:13:00.159" >
                <step title="Remove 19b9e8e9-, Success, received at 10/19/2025 01:41:30" date="2025-10-24T02:13:00.203" /><!-- duration: 2ms -->
              </step><!-- duration: 47ms -->
            </step><!-- duration: 166511ms -->
          </step><!-- duration: 166653ms -->
          <step title="Cleaning up temp files" date="2025-10-24T02:13:00.328" /><!-- duration: 8ms -->
          <step title="Cleaning up temp files" date="2025-10-24T02:13:00.345" /><!-- duration: 510ms -->
          <step title="Reloading status file with latest updates" date="2025-10-24T02:13:00.901" >
            <step title="WebHooksManager.PublishEventAsync: PostDeployment" date="2025-10-24T02:13:00.904" /><!-- duration: 42ms -->
          </step><!-- duration: 46ms -->
          <step title="Cleaning up temporary deployment - fetch deployment was successful" date="2025-10-24T02:13:00.951" /><!-- duration: 1ms -->
        </step><!-- duration: 167460ms -->
      </step><!-- duration: 169030ms -->
