<step title="Incoming Request" date="2025-10-24T02:20:36.397" instance="c8fb3b" url="/api/deployments/latest?deployer=GITHUB_ZIP_DEPLOY&amp;time=2025-10-24_02-18-57Z" method="GET" type="request" pid="823,1,21" Host="sanctuary-portal.scm.azurewebsites.net" User-Agent="GITHUBACTIONS_DeployWebAppToAzure_bf4c71b5cd9aa1c94ef4a54f1c9bb6e95e8a6094c4209a1ecbcd493e852244de" Authorization="Bea..." Content-Type="application/json; charset=utf-8" Cookie="ARRAffinity=c8fb3b5a823bfbb2d788ddf199e5ecc35671bb8032d40fd8731abd02a1110dbd;Path=/;HttpOnly;Secure;Domain=sanctuary-portal.scm.azurewebsites.net; ARRAffinitySameSite=c8fb3b5a823bfbb2d788ddf199e5ecc35671bb8032d40fd8731abd02a1110dbd;Path=/;HttpOnly;SameSite=None;Secure;Domain=sanctuary-portal.scm.azurewebsites.net" Content-Length="0" X-ARR-LOG-ID="0c336205-770e-4e19-9c94-1c514d825e6f" CLIENT-IP="132.196.32.65:36872" X-SITE-DEPLOYMENT-ID="sanctuary-portal" WAS-DEFAULT-HOSTNAME="sanctuary-portal.scm.azurewebsites.net" X-Forwarded-Proto="https" X-AppService-Proto="https" X-Forwarded-TlsVersion="1.3" X-WAWS-Unencoded-URL="/api/deployments/latest?deployer=GITHUB_ZIP_DEPLOY&amp;time=2025-10-24_02-18-57Z" X-Client-IP="132.196.32.65" X-Client-Port="36872" >
  <step title="Cleanup Xml Logs" date="2025-10-24T02:20:36.399" >
    <step title="Cleanup Infos" date="2025-10-24T02:20:36.410" totalFiles="304" totalCleanup="144" /><!-- duration: 18ms -->
  </step><!-- duration: 31ms -->
  <step title="DeploymentService.GetResult" date="2025-10-24T02:20:36.447" >
    <step title="DeploymentService.GetLatestDeployment" date="2025-10-24T02:20:36.457" >
      <step title="DeploymentManager.GetResults" date="2025-10-24T02:20:36.459" /><!-- duration: 929ms -->
    </step><!-- duration: 943ms -->
  </step><!-- duration: 971ms -->
  <step title="Outgoing response" date="2025-10-24T02:20:37.428" type="response" statusCode="202" statusText="Accepted" /><!-- duration: 20ms -->
</step><!-- duration: 1082ms -->
