<step title="BackgroundTrace" date="2025-10-24T02:56:43.637" instance="c8fb3b" url="/api/zipdeploy" method="POST" >
  <step title="Creating temporary deployment - FetchDeploymentManager" date="2025-10-24T02:56:43.746" /><!-- duration: 1ms -->
  <step title="Creating temporary deployment" date="2025-10-24T02:56:43.752" /><!-- duration: 134ms -->
  <step title="Performing fetch based deployment" date="2025-10-24T02:56:43.917" >
    <step title="Deployment timer started" date="2025-10-24T02:56:47.129" >
      <step title="DeploymentManager.Deploy(id:4d50350e-ec23-44db-9c2b-7f1a9a9759d4)" date="2025-10-24T02:56:47.150" >
        <step title="Collecting changeset information" date="2025-10-24T02:56:47.227" /><!-- duration: 138ms -->
        <step title="Updating submodules" date="2025-10-24T02:56:47.383" /><!-- duration: 1189ms -->
        <step title="Determining deployment builder" date="2025-10-24T02:56:48.784" >
          <step title="Builder is RunFromZipSiteBuilder" date="2025-10-24T02:56:48.790" /><!-- duration: 8ms -->
        </step><!-- duration: 17ms -->
        <step title="PreDeployment: context.CleanOutputPath False" date="2025-10-24T02:56:48.854" >
          <step title="PreDeployment: context.OutputPath /home/site/wwwroot" date="2025-10-24T02:56:48.957" >
            <step title="Building" date="2025-10-24T02:56:49.065" >
              <step title="Triggering recycle (preview mode disabled)." date="2025-10-24T02:56:49.414" /><!-- duration: 2ms -->
              <step title="Modified file to trigger a restart of the app container." date="2025-10-24T02:56:49.449" /><!-- duration: 10ms -->
              <step title="Skip function trigger and logicapp sync because function is not enabled." date="2025-10-24T02:56:49.469" /><!-- duration: 9ms -->
              <step title="Purge deployment items" date="2025-10-24T02:56:50.710" >
                <step title="Remove 6d9c5a72-, Success, received at 10/19/2025 02:31:46" date="2025-10-24T02:56:50.762" /><!-- duration: 1ms -->
              </step><!-- duration: 56ms -->
            </step><!-- duration: 1780ms -->
          </step><!-- duration: 1892ms -->
          <step title="Cleaning up temp files" date="2025-10-24T02:56:50.869" /><!-- duration: 3ms -->
          <step title="Cleaning up temp files" date="2025-10-24T02:56:50.882" /><!-- duration: 522ms -->
          <step title="Reloading status file with latest updates" date="2025-10-24T02:56:51.717" >
            <step title="WebHooksManager.PublishEventAsync: PostDeployment" date="2025-10-24T02:56:51.732" /><!-- duration: 26ms -->
          </step><!-- duration: 42ms -->
          <step title="Cleaning up temporary deployment - fetch deployment was successful" date="2025-10-24T02:56:51.787" /><!-- duration: 2ms -->
        </step><!-- duration: 3232ms -->
      </step><!-- duration: 4953ms -->
