<step title="Incoming Request" date="2025-10-24T02:47:53.966" instance="c8fb3b" url="/api/zipdeploy?isAsync=true&amp;deployer=GITHUB_ZIP_DEPLOY&amp;message=%7B%22type%22%3A%22deployment%22%2C%22sha%22%3A%22d4fd2fa6bbc7907b464746232ec54297710a2e79%22%2C%22repoName%22%3A%22opsvantage-digital%2Fmarz-avatar-interface%22%2C%22actor%22%3A%22opsvantage-digital%22%2C%22slotName%22%3A%22production%22%2C%22commitMessage%22%3A%22fix(ci)%3A%20set%20health%20check%20path%20via%20az%20webapp%20update%20to%20avoid%20CLI%20arg%20error%22%7D" method="POST" type="request" pid="823,1,7" Host="sanctuary-portal.scm.azurewebsites.net" User-Agent="GITHUBACTIONS_DeployWebAppToAzure_bf4c71b5cd9aa1c94ef4a54f1c9bb6e95e8a6094c4209a1ecbcd493e852244de" Authorization="Bea..." Content-Type="application/octet-stream" Cookie="ARRAffinity=c8fb3b5a823bfbb2d788ddf199e5ecc35671bb8032d40fd8731abd02a1110dbd;Path=/;HttpOnly;Secure;Domain=sanctuary-portal.scm.azurewebsites.net; ARRAffinitySameSite=c8fb3b5a823bfbb2d788ddf199e5ecc35671bb8032d40fd8731abd02a1110dbd;Path=/;HttpOnly;SameSite=None;Secure;Domain=sanctuary-portal.scm.azurewebsites.net" Transfer-Encoding="chunked" X-ARR-LOG-ID="c77360c5-f07f-4d46-8fc0-27afa7419364" CLIENT-IP="20.161.60.17:16392" X-SITE-DEPLOYMENT-ID="sanctuary-portal" WAS-DEFAULT-HOSTNAME="sanctuary-portal.scm.azurewebsites.net" X-Forwarded-Proto="https" X-AppService-Proto="https" X-Forwarded-TlsVersion="1.3" X-WAWS-Unencoded-URL="/api/zipdeploy?isAsync=true&amp;deployer=GITHUB_ZIP_DEPLOY&amp;message=%7B%22type%22%3A%22deployment%22%2C%22sha%22%3A%22d4fd2fa6bbc7907b464746232ec54297710a2e79%22%2C%22repoName%22%3A%22opsvantage-digital%2Fmarz-avatar-interface%22%2C%22actor%22%3A%22opsvantage-digital%22%2C%22slotName%22%3A%22production%22%2C%22commitMessage%22%3A%22fix(ci)%3A%20set%20health%20check%20path%20via%20az%20webapp%20update%20to%20avoid%20CLI%20arg%20error%22%7D" X-Client-IP="20.161.60.17" X-Client-Port="16392" >
  <step title="Cleanup Xml Logs" date="2025-10-24T02:47:53.975" >
    <step title="Cleanup Infos" date="2025-10-24T02:47:54.023" totalFiles="337" totalCleanup="177" /><!-- duration: 18ms -->
  </step><!-- duration: 75ms -->
  <step title="ZipPushDeploy" date="2025-10-24T02:47:54.184" >
    <step title="ZipDeploy. Run from package." date="2025-10-24T02:47:54.220" /><!-- duration: 14ms -->
    <step title="None repository commit" date="2025-10-24T02:47:54.256" >
      <step title="Commit id: 7f23815a-8b4e-468d-bb6e-663788359794" date="2025-10-24T02:47:54.258" Message="N/A" AuthorName="N/A" AuthorEmail="N/A" /><!-- duration: 2ms -->
    </step><!-- duration: 7ms -->
    <step title="Starting PushDeployAsync" date="2025-10-24T02:47:54.266" /><!-- duration: 2ms -->
    <step title="WEBSITE_RUN_FROM_PACKAGE is set to 1. Writing zip to SitePackagesPath" date="2025-10-24T02:47:54.282" /><!-- duration: 2ms -->
    <step title="Copying zip to SitePackages /home/data/SitePackages/20251024024754.zip from request body" date="2025-10-24T02:47:54.312" /><!-- duration: 9ms -->
    <step title="Writing multipart request body to /home/data/SitePackages/20251024024754.zip" date="2025-10-24T02:47:54.339" /><!-- duration: 11ms -->
    <step title="Start deployment in the background" date="2025-10-24T02:47:57.810" >
      <step title="Acquiring Deployment Lock" date="2025-10-24T02:47:57.888" /><!-- duration: 2ms -->
      <step title="Acquired Deployment Lock" date="2025-10-24T02:47:58.029" /><!-- duration: 2ms -->
    </step><!-- duration: 297ms -->
  </step><!-- duration: 3939ms -->
  <step title="Outgoing response" date="2025-10-24T02:47:58.141" type="response" statusCode="202" statusText="Accepted" /><!-- duration: 2ms -->
</step><!-- duration: 4179ms -->
