<step title="Incoming Request" date="2025-10-31T09:24:02.136" instance="c8fb3b" url="/api/deployments/latest" method="GET" type="request" pid="831,1,7" Accept="*/*" Host="sanctuary-portal.scm.azurewebsites.net" User-Agent="AZURECLI/2.78.0 (MSI)" Accept-Encoding="gzip, deflate" Authorization="Bas..." x-ms-client-request-id="4fb458ab-b63b-11f0-806b-145afc07e81c" X-ARR-LOG-ID="4fb458ab-b63b-11f0-806b-145afc07e81c" CLIENT-IP="203.211.76.36:19753" X-SITE-DEPLOYMENT-ID="sanctuary-portal" WAS-DEFAULT-HOSTNAME="sanctuary-portal.scm.azurewebsites.net" X-Forwarded-Proto="https" X-AppService-Proto="https" X-Forwarded-TlsVersion="1.3" X-WAWS-Unencoded-URL="/api/deployments/latest" X-Client-IP="203.211.76.36" X-Client-Port="19753" >
  <step title="Cleanup Xml Logs" date="2025-10-31T09:24:02.145" >
    <step title="Cleanup Infos" date="2025-10-31T09:24:02.223" totalFiles="455" totalCleanup="295" /><!-- duration: 45ms -->
  </step><!-- duration: 143ms -->
  <step title="DeploymentService.GetResult" date="2025-10-31T09:24:02.653" >
    <step title="DeploymentService.GetLatestDeployment" date="2025-10-31T09:24:02.662" >
      <step title="DeploymentManager.GetResults" date="2025-10-31T09:24:02.672" /><!-- duration: 1758ms -->
    </step><!-- duration: 1862ms -->
  </step><!-- duration: 1884ms -->
  <step title="Outgoing response" date="2025-10-31T09:24:04.923" type="response" statusCode="202" statusText="Accepted" /><!-- duration: 26ms -->
</step><!-- duration: 2833ms -->
