<step title="Incoming Request" date="2025-11-04T10:04:13.554" instance="1ee237" url="/api/zipdeploy?isAsync=true" method="POST" type="request" pid="822,1,7" Accept="*/*" Host="sanctuary-portal.scm.azurewebsites.net" User-Agent="AZURECLI/2.78.0 (MSI)" Accept-Encoding="gzip, deflate" Authorization="Bas..." Cache-Control="no-cache" Content-Type="application/octet-stream" Content-Length="5156097" x-ms-client-request-id="99d77850-b965-11f0-97d3-145afc07e81c" x-ms-artifact-checksum="4b3141df08988fa1a4ee7cae05208ec13df9873597c8d6c13757c3ccfbbdcb61" X-ARR-LOG-ID="99d77850-b965-11f0-97d3-145afc07e81c" CLIENT-IP="203.211.76.36:55785" X-SITE-DEPLOYMENT-ID="sanctuary-portal" WAS-DEFAULT-HOSTNAME="sanctuary-portal.scm.azurewebsites.net" X-Forwarded-Proto="https" X-AppService-Proto="https" X-Forwarded-TlsVersion="1.3" X-WAWS-Unencoded-URL="/api/zipdeploy?isAsync=true" X-Client-IP="203.211.76.36" X-Client-Port="55785" >
  <step title="ZipPushDeploy" date="2025-11-04T10:04:20.715" >
    <step title="ZipDeploy. Run from package. Ignore remote build." date="2025-11-04T10:04:21.187" /><!-- duration: 50ms -->
    <step title="None repository commit" date="2025-11-04T10:04:21.429" >
      <step title="Commit id: d78d17d4-7149-4248-9a18-5e5423963b36" date="2025-11-04T10:04:21.581" Message="N/A" AuthorName="N/A" AuthorEmail="N/A" /><!-- duration: 60ms -->
    </step><!-- duration: 302ms -->
    <step title="Starting PushDeployAsync" date="2025-11-04T10:04:21.821" /><!-- duration: 31ms -->
    <step title="WEBSITE_RUN_FROM_PACKAGE is set to 1. Writing zip to SitePackagesPath" date="2025-11-04T10:04:22.024" /><!-- duration: 19ms -->
    <step title="Copying zip to SitePackages /home/data/SitePackages/20251104100421.zip from request body" date="2025-11-04T10:04:22.153" /><!-- duration: 61ms -->
    <step title="Writing multipart request body to /home/data/SitePackages/20251104100421.zip" date="2025-11-04T10:04:22.324" /><!-- duration: 79ms -->
    <step title="Deleting outdated zip file /home/data/SitePackages/20251031082512.zip" date="2025-11-04T10:04:24.628" /><!-- duration: 78ms -->
    <step title="Start deployment in the background" date="2025-11-04T10:04:24.778" >
      <step title="Acquiring Deployment Lock" date="2025-11-04T10:04:25.201" /><!-- duration: 29ms -->
      <step title="Acquired Deployment Lock" date="2025-11-04T10:04:25.684" /><!-- duration: 39ms -->
    </step><!-- duration: 2181ms -->
  </step><!-- duration: 6448ms -->
  <step title="Outgoing response" date="2025-11-04T10:04:27.485" type="response" statusCode="202" statusText="Accepted" /><!-- duration: 37ms -->
</step><!-- duration: 14001ms -->
