<step title="BackgroundTrace" date="2025-10-24T10:50:01.521" instance="c8fb3b" url="/api/zipdeploy" method="POST" >
  <step title="Cleanup Xml Logs" date="2025-10-24T10:50:01.531" >
    <step title="Cleanup Infos" date="2025-10-24T10:50:01.546" totalFiles="386" totalCleanup="226" /><!-- duration: 3ms -->
  </step><!-- duration: 19ms -->
  <step title="Creating temporary deployment - FetchDeploymentManager" date="2025-10-24T10:50:01.744" /><!-- duration: 9ms -->
  <step title="Creating temporary deployment" date="2025-10-24T10:50:01.792" /><!-- duration: 311ms -->
  <step title="Performing fetch based deployment" date="2025-10-24T10:50:02.205" >
    <step title="Deployment timer started" date="2025-10-24T10:50:07.248" >
      <step title="DeploymentManager.Deploy(id:2da596b1-6632-4ab6-8d48-18408db01de5)" date="2025-10-24T10:50:07.254" >
        <step title="Collecting changeset information" date="2025-10-24T10:50:07.278" /><!-- duration: 111ms -->
        <step title="Updating submodules" date="2025-10-24T10:50:07.400" /><!-- duration: 1123ms -->
        <step title="Determining deployment builder" date="2025-10-24T10:50:08.758" >
          <step title="Builder is RunFromZipSiteBuilder" date="2025-10-24T10:50:08.767" /><!-- duration: 18ms -->
        </step><!-- duration: 29ms -->
        <step title="PreDeployment: context.CleanOutputPath False" date="2025-10-24T10:50:08.837" >
          <step title="PreDeployment: context.OutputPath /home/site/wwwroot" date="2025-10-24T10:50:08.983" >
            <step title="Building" date="2025-10-24T10:50:09.112" >
              <step title="Triggering recycle (preview mode disabled)." date="2025-10-24T10:50:09.478" /><!-- duration: 2ms -->
              <step title="Modified file to trigger a restart of the app container." date="2025-10-24T10:50:09.506" /><!-- duration: 2ms -->
              <step title="Skip function trigger and logicapp sync because function is not enabled." date="2025-10-24T10:50:09.515" /><!-- duration: 2ms -->
              <step title="Purge deployment items" date="2025-10-24T10:50:11.142" >
                <step title="Remove 06f5eee9-, Success, received at 10/24/2025 02:19:29" date="2025-10-24T10:50:11.205" /><!-- duration: 1ms -->
              </step><!-- duration: 66ms -->
            </step><!-- duration: 2165ms -->
          </step><!-- duration: 2296ms -->
          <step title="Cleaning up temp files" date="2025-10-24T10:50:11.280" /><!-- duration: 3ms -->
          <step title="Cleaning up temp files" date="2025-10-24T10:50:11.294" /><!-- duration: 521ms -->
          <step title="Reloading status file with latest updates" date="2025-10-24T10:50:12.417" >
            <step title="WebHooksManager.PublishEventAsync: PostDeployment" date="2025-10-24T10:50:12.439" /><!-- duration: 60ms -->
          </step><!-- duration: 84ms -->
          <step title="Cleaning up temporary deployment - fetch deployment was successful" date="2025-10-24T10:50:12.512" /><!-- duration: 2ms -->
        </step><!-- duration: 3723ms -->
      </step><!-- duration: 5337ms -->
