<step title="BackgroundTrace" date="2025-10-24T12:19:55.893" instance="c8fb3b" url="/api/zipdeploy" method="POST" >
  <step title="Cleanup Xml Logs" date="2025-10-24T12:19:55.896" >
    <step title="Cleanup Infos" date="2025-10-24T12:19:55.913" totalFiles="391" totalCleanup="231" /><!-- duration: 3ms -->
  </step><!-- duration: 21ms -->
  <step title="Creating temporary deployment - FetchDeploymentManager" date="2025-10-24T12:19:55.992" /><!-- duration: 2ms -->
  <step title="Creating temporary deployment" date="2025-10-24T12:19:55.998" /><!-- duration: 84ms -->
  <step title="Performing fetch based deployment" date="2025-10-24T12:19:56.117" >
    <step title="Deployment timer started" date="2025-10-24T12:19:59.453" >
      <step title="DeploymentManager.Deploy(id:0ab51a00-7211-4beb-bce5-e277c17cb45f)" date="2025-10-24T12:19:59.483" >
        <step title="Collecting changeset information" date="2025-10-24T12:19:59.513" /><!-- duration: 168ms -->
        <step title="Updating submodules" date="2025-10-24T12:19:59.684" /><!-- duration: 1167ms -->
        <step title="Determining deployment builder" date="2025-10-24T12:20:01.091" >
          <step title="Builder is RunFromZipSiteBuilder" date="2025-10-24T12:20:01.102" /><!-- duration: 8ms -->
        </step><!-- duration: 28ms -->
        <step title="PreDeployment: context.CleanOutputPath False" date="2025-10-24T12:20:01.179" >
          <step title="PreDeployment: context.OutputPath /home/site/wwwroot" date="2025-10-24T12:20:01.290" >
            <step title="Building" date="2025-10-24T12:20:01.473" >
              <step title="Triggering recycle (preview mode disabled)." date="2025-10-24T12:20:02.158" /><!-- duration: 28ms -->
              <step title="Modified file to trigger a restart of the app container." date="2025-10-24T12:20:02.246" /><!-- duration: 10ms -->
              <step title="Skip function trigger and logicapp sync because function is not enabled." date="2025-10-24T12:20:02.314" /><!-- duration: 21ms -->
              <step title="Purge deployment items" date="2025-10-24T12:20:05.364" >
                <step title="Remove f653703d-, Success, received at 10/24/2025 02:43:43" date="2025-10-24T12:20:05.444" /><!-- duration: 11ms -->
              </step><!-- duration: 94ms -->
            </step><!-- duration: 4054ms -->
          </step><!-- duration: 4240ms -->
          <step title="Cleaning up temp files" date="2025-10-24T12:20:05.532" /><!-- duration: 3ms -->
          <step title="Cleaning up temp files" date="2025-10-24T12:20:05.538" /><!-- duration: 518ms -->
          <step title="Reloading status file with latest updates" date="2025-10-24T12:20:06.403" >
            <step title="WebHooksManager.PublishEventAsync: PostDeployment" date="2025-10-24T12:20:06.422" /><!-- duration: 191ms -->
          </step><!-- duration: 211ms -->
          <step title="Cleaning up temporary deployment - fetch deployment was successful" date="2025-10-24T12:20:06.634" /><!-- duration: 9ms -->
        </step><!-- duration: 5842ms -->
      </step><!-- duration: 7547ms -->
