<step title="Incoming Request" date="2025-10-19T01:53:31.973" instance="c8fb3b" url="/api/zipdeploy?isAsync=true&amp;deployer=GITHUB_ZIP_DEPLOY&amp;message=%7B%22type%22%3A%22deployment%22%2C%22sha%22%3A%22333009a8ef36ab18f9de9ca544a999458883ee64%22%2C%22repoName%22%3A%22opsvantage-digital%2Fmarz-avatar-interface%22%2C%22actor%22%3A%22opsvantage-digital%22%2C%22slotName%22%3A%22production%22%2C%22commitMessage%22%3A%22ci%3A%20build%20Next.js%20in%20CI%20and%20deploy%20compiled%20app%20with%20node_modules%22%7D" method="POST" type="request" pid="823,1,33" Host="sanctuary-portal.scm.azurewebsites.net" User-Agent="GITHUBACTIONS_DeployWebAppToAzure_bf4c71b5cd9aa1c94ef4a54f1c9bb6e95e8a6094c4209a1ecbcd493e852244de" Authorization="Bas..." Content-Type="application/octet-stream" Cookie="ARRAffinity=c8fb3b5a823bfbb2d788ddf199e5ecc35671bb8032d40fd8731abd02a1110dbd;Path=/;HttpOnly;Secure;Domain=sanctuary-portal.scm.azurewebsites.net; ARRAffinitySameSite=c8fb3b5a823bfbb2d788ddf199e5ecc35671bb8032d40fd8731abd02a1110dbd;Path=/;HttpOnly;SameSite=None;Secure;Domain=sanctuary-portal.scm.azurewebsites.net" Transfer-Encoding="chunked" X-ARR-LOG-ID="02c04ffb-4c1f-4b40-8684-83a79d246eab" CLIENT-IP="145.132.103.177:36800" X-SITE-DEPLOYMENT-ID="sanctuary-portal" WAS-DEFAULT-HOSTNAME="sanctuary-portal.scm.azurewebsites.net" X-Forwarded-Proto="https" X-AppService-Proto="https" X-Forwarded-TlsVersion="1.3" X-WAWS-Unencoded-URL="/api/zipdeploy?isAsync=true&amp;deployer=GITHUB_ZIP_DEPLOY&amp;message=%7B%22type%22%3A%22deployment%22%2C%22sha%22%3A%22333009a8ef36ab18f9de9ca544a999458883ee64%22%2C%22repoName%22%3A%22opsvantage-digital%2Fmarz-avatar-interface%22%2C%22actor%22%3A%22opsvantage-digital%22%2C%22slotName%22%3A%22production%22%2C%22commitMessage%22%3A%22ci%3A%20build%20Next.js%20in%20CI%20and%20deploy%20compiled%20app%20with%20node_modules%22%7D" X-Client-IP="145.132.103.177" X-Client-Port="36800" >
  <step title="ZipPushDeploy" date="2025-10-19T01:53:32.014" >
    <step title="ZipDeploy. Extract zip." date="2025-10-19T01:53:32.032" /><!-- duration: 3ms -->
    <step title="Starting PushDeployAsync" date="2025-10-19T01:53:32.052" /><!-- duration: 38ms -->
    <step title="Writing artifact to /tmp/zipdeploy/78656bac-40c5-4f87-82c1-2784a75f1022.zip" date="2025-10-19T01:53:32.098" >
      <step title="Writing multipart request body to /tmp/zipdeploy/78656bac-40c5-4f87-82c1-2784a75f1022.zip" date="2025-10-19T01:53:32.101" /><!-- duration: 26ms -->
    </step><!-- duration: 9473ms -->
    <step title="Start deployment in the background" date="2025-10-19T01:53:41.577" >
      <step title="Acquiring Deployment Lock" date="2025-10-19T01:53:41.603" /><!-- duration: 2ms -->
      <step title="Acquired Deployment Lock" date="2025-10-19T01:53:41.626" /><!-- duration: 12ms -->
    </step><!-- duration: 122ms -->
  </step><!-- duration: 9688ms -->
  <step title="Outgoing response" date="2025-10-19T01:53:41.706" type="response" statusCode="202" statusText="Accepted" /><!-- duration: 5ms -->
</step><!-- duration: 9740ms -->
