<step title="Incoming Request" date="2025-10-31T09:26:19.756" instance="1ee237" url="/api/zipdeploy?isAsync=true" method="POST" type="request" pid="825,1,15" Accept="*/*" Host="sanctuary-portal.scm.azurewebsites.net" User-Agent="AZURECLI/2.78.0 (MSI)" Accept-Encoding="gzip, deflate" Authorization="Bas..." Cache-Control="no-cache" Content-Type="application/octet-stream" Content-Length="290557" x-ms-client-request-id="a4648aa5-b63b-11f0-8a93-145afc07e81c" x-ms-artifact-checksum="fe27cc834ab60c1d6ada317d71db89244eb9224525ca363644e0cf798a3c8ec6" X-ARR-LOG-ID="a4648aa5-b63b-11f0-8a93-145afc07e81c" CLIENT-IP="203.211.76.36:19760" X-SITE-DEPLOYMENT-ID="sanctuary-portal" WAS-DEFAULT-HOSTNAME="sanctuary-portal.scm.azurewebsites.net" X-Forwarded-Proto="https" X-AppService-Proto="https" X-Forwarded-TlsVersion="1.3" X-WAWS-Unencoded-URL="/api/zipdeploy?isAsync=true" X-Client-IP="203.211.76.36" X-Client-Port="19760" >
  <step title="Cleanup Xml Logs" date="2025-10-31T09:26:19.935" >
    <step title="Cleanup Infos" date="2025-10-31T09:26:20.460" totalFiles="458" totalCleanup="298" /><!-- duration: 1085ms -->
  </step><!-- duration: 1732ms -->
  <step title="ZipPushDeploy" date="2025-10-31T09:26:24.574" >
    <step title="ZipDeploy. Run from package." date="2025-10-31T09:26:24.774" /><!-- duration: 39ms -->
    <step title="None repository commit" date="2025-10-31T09:26:24.974" >
      <step title="Commit id: cc2b3a73-de52-4eaf-8a77-397837559305" date="2025-10-31T09:26:24.985" Message="N/A" AuthorName="N/A" AuthorEmail="N/A" /><!-- duration: 11ms -->
    </step><!-- duration: 52ms -->
    <step title="Starting PushDeployAsync" date="2025-10-31T09:26:25.055" /><!-- duration: 11ms -->
    <step title="WEBSITE_RUN_FROM_PACKAGE is set to 1. Writing zip to SitePackagesPath" date="2025-10-31T09:26:25.197" /><!-- duration: 38ms -->
    <step title="Copying zip to SitePackages /home/data/SitePackages/20251031092624.zip from request body" date="2025-10-31T09:26:25.288" /><!-- duration: 38ms -->
    <step title="Writing multipart request body to /home/data/SitePackages/20251031092624.zip" date="2025-10-31T09:26:25.365" /><!-- duration: 20ms -->
    <step title="Deleting outdated zip file /home/data/SitePackages/20251031082436.zip" date="2025-10-31T09:26:26.725" /><!-- duration: 151ms -->
    <step title="Start deployment in the background" date="2025-10-31T09:26:27.068" >
      <step title="Acquiring Deployment Lock" date="2025-10-31T09:26:27.811" /><!-- duration: 102ms -->
      <step title="Acquired Deployment Lock" date="2025-10-31T09:26:28.224" /><!-- duration: 38ms -->
    </step><!-- duration: 1800ms -->
  </step><!-- duration: 4363ms -->
  <step title="Outgoing response" date="2025-10-31T09:26:28.968" type="response" statusCode="202" statusText="Accepted" /><!-- duration: 18ms -->
</step><!-- duration: 9250ms -->
