<step title="Incoming Request" date="2025-10-31T08:18:21.324" instance="c8fb3b" url="/api/zipdeploy?isAsync=true" method="POST" type="request" pid="827,1,43" Accept="*/*" Host="sanctuary-portal.scm.azurewebsites.net" User-Agent="AZURECLI/2.77.0 (MSI)" Accept-Encoding="gzip, deflate" Authorization="Bas..." Cache-Control="no-cache" Content-Type="application/octet-stream" Content-Length="290307" x-ms-client-request-id="2786e3fc-b632-11f0-b6fc-145afc07e81c" x-ms-artifact-checksum="e36489c4987acac9e0a3fb5bfe435315acf8a8e6aa0d5182b98ba0877d105705" X-ARR-LOG-ID="2786e3fc-b632-11f0-b6fc-145afc07e81c" CLIENT-IP="203.211.76.36:30579" X-SITE-DEPLOYMENT-ID="sanctuary-portal" WAS-DEFAULT-HOSTNAME="sanctuary-portal.scm.azurewebsites.net" X-Forwarded-Proto="https" X-AppService-Proto="https" X-Forwarded-TlsVersion="1.3" X-WAWS-Unencoded-URL="/api/zipdeploy?isAsync=true" X-Client-IP="203.211.76.36" X-Client-Port="30579" >
  <step title="Cleanup Xml Logs" date="2025-10-31T08:18:21.331" >
    <step title="Cleanup Infos" date="2025-10-31T08:18:21.348" totalFiles="410" totalCleanup="250" /><!-- duration: 64ms -->
  </step><!-- duration: 166ms -->
  <step title="ZipPushDeploy" date="2025-10-31T08:18:21.627" >
    <step title="ZipDeploy. Run from package." date="2025-10-31T08:18:21.646" /><!-- duration: 1ms -->
    <step title="Starting PushDeployAsync" date="2025-10-31T08:18:21.660" /><!-- duration: 5ms -->
    <step title="WEBSITE_RUN_FROM_PACKAGE is set to 1. Writing zip to SitePackagesPath" date="2025-10-31T08:18:21.689" /><!-- duration: 2ms -->
    <step title="Copying zip to SitePackages /home/data/SitePackages/20251031081821.zip from request body" date="2025-10-31T08:18:21.698" /><!-- duration: 2ms -->
    <step title="Writing multipart request body to /home/data/SitePackages/20251031081821.zip" date="2025-10-31T08:18:21.709" /><!-- duration: 15ms -->
    <step title="Deleting outdated zip file /home/data/SitePackages/20251024104957.zip" date="2025-10-31T08:18:22.031" /><!-- duration: 6ms -->
    <step title="Start deployment in the background" date="2025-10-31T08:18:22.063" >
      <step title="Acquiring Deployment Lock" date="2025-10-31T08:18:22.091" /><!-- duration: 2ms -->
      <step title="Acquired Deployment Lock" date="2025-10-31T08:18:22.222" /><!-- duration: 1ms -->
    </step><!-- duration: 301ms -->
  </step><!-- duration: 773ms -->
  <step title="Outgoing response" date="2025-10-31T08:18:22.424" type="response" statusCode="202" statusText="Accepted" /><!-- duration: 2ms -->
</step><!-- duration: 1104ms -->
