<step title="Incoming Request" date="2025-10-24T02:56:40.980" instance="c8fb3b" url="/api/zipdeploy?isAsync=true&amp;deployer=GITHUB_ZIP_DEPLOY&amp;message=%7B%22type%22%3A%22deployment%22%2C%22sha%22%3A%22ad3a0b3c4b85169e06400a711108ecd367e63cf6%22%2C%22repoName%22%3A%22opsvantage-digital%2Fmarz-avatar-interface%22%2C%22actor%22%3A%22opsvantage-digital%22%2C%22slotName%22%3A%22production%22%2C%22commitMessage%22%3A%22fix(ci)%3A%20place%20.next%2Fstandalone%20under%20deploy%2F.next%20for%20correct%20startup%22%7D" method="POST" type="request" pid="823,1,16" Host="sanctuary-portal.scm.azurewebsites.net" User-Agent="GITHUBACTIONS_DeployWebAppToAzure_bf4c71b5cd9aa1c94ef4a54f1c9bb6e95e8a6094c4209a1ecbcd493e852244de" Authorization="Bea..." Content-Type="application/octet-stream" Cookie="ARRAffinity=c8fb3b5a823bfbb2d788ddf199e5ecc35671bb8032d40fd8731abd02a1110dbd;Path=/;HttpOnly;Secure;Domain=sanctuary-portal.scm.azurewebsites.net; ARRAffinitySameSite=c8fb3b5a823bfbb2d788ddf199e5ecc35671bb8032d40fd8731abd02a1110dbd;Path=/;HttpOnly;SameSite=None;Secure;Domain=sanctuary-portal.scm.azurewebsites.net" Transfer-Encoding="chunked" X-ARR-LOG-ID="67ca6701-23e7-4884-8983-5228de33367a" CLIENT-IP="20.163.82.241:12296" X-SITE-DEPLOYMENT-ID="sanctuary-portal" WAS-DEFAULT-HOSTNAME="sanctuary-portal.scm.azurewebsites.net" X-Forwarded-Proto="https" X-AppService-Proto="https" X-Forwarded-TlsVersion="1.3" X-WAWS-Unencoded-URL="/api/zipdeploy?isAsync=true&amp;deployer=GITHUB_ZIP_DEPLOY&amp;message=%7B%22type%22%3A%22deployment%22%2C%22sha%22%3A%22ad3a0b3c4b85169e06400a711108ecd367e63cf6%22%2C%22repoName%22%3A%22opsvantage-digital%2Fmarz-avatar-interface%22%2C%22actor%22%3A%22opsvantage-digital%22%2C%22slotName%22%3A%22production%22%2C%22commitMessage%22%3A%22fix(ci)%3A%20place%20.next%2Fstandalone%20under%20deploy%2F.next%20for%20correct%20startup%22%7D" X-Client-IP="20.163.82.241" X-Client-Port="12296" >
  <step title="Cleanup Xml Logs" date="2025-10-24T02:56:40.989" >
    <step title="Cleanup Infos" date="2025-10-24T02:56:41.028" totalFiles="346" totalCleanup="186" /><!-- duration: 3ms -->
  </step><!-- duration: 60ms -->
  <step title="ZipPushDeploy" date="2025-10-24T02:56:41.174" >
    <step title="ZipDeploy. Run from package." date="2025-10-24T02:56:41.212" /><!-- duration: 11ms -->
    <step title="Starting PushDeployAsync" date="2025-10-24T02:56:41.231" /><!-- duration: 2ms -->
    <step title="WEBSITE_RUN_FROM_PACKAGE is set to 1. Writing zip to SitePackagesPath" date="2025-10-24T02:56:41.246" /><!-- duration: 5ms -->
    <step title="Copying zip to SitePackages /home/data/SitePackages/20251024025641.zip from request body" date="2025-10-24T02:56:41.264" /><!-- duration: 2ms -->
    <step title="Writing multipart request body to /home/data/SitePackages/20251024025641.zip" date="2025-10-24T02:56:41.267" /><!-- duration: 2ms -->
    <step title="Start deployment in the background" date="2025-10-24T02:56:43.617" >
      <step title="Acquiring Deployment Lock" date="2025-10-24T02:56:43.697" /><!-- duration: 3ms -->
      <step title="Acquired Deployment Lock" date="2025-10-24T02:56:43.740" /><!-- duration: 3ms -->
    </step><!-- duration: 273ms -->
  </step><!-- duration: 2721ms -->
  <step title="Outgoing response" date="2025-10-24T02:56:43.899" type="response" statusCode="202" statusText="Accepted" /><!-- duration: 2ms -->
</step><!-- duration: 2922ms -->
