<step title="Incoming Request" date="2025-10-19T01:33:14.316" instance="c8fb3b" url="/api/zipdeploy?isAsync=true&amp;deployer=GITHUB_ZIP_DEPLOY&amp;message=%7B%22type%22%3A%22deployment%22%2C%22sha%22%3A%22109da5c05484b5c562911bbc86fe20575d394b1f%22%2C%22repoName%22%3A%22opsvantage-digital%2Fmarz-avatar-interface%22%2C%22actor%22%3A%22opsvantage-digital%22%2C%22slotName%22%3A%22production%22%2C%22commitMessage%22%3A%22start%3A%20call%20local%20next%20binary%20instead%20of%20npx%20for%20App%20Service%20stability%22%7D" method="POST" type="request" pid="823,1,7" Host="sanctuary-portal.scm.azurewebsites.net" User-Agent="GITHUBACTIONS_DeployWebAppToAzure_bf4c71b5cd9aa1c94ef4a54f1c9bb6e95e8a6094c4209a1ecbcd493e852244de" Authorization="Bas..." Content-Type="application/octet-stream" Cookie="ARRAffinity=c8fb3b5a823bfbb2d788ddf199e5ecc35671bb8032d40fd8731abd02a1110dbd;Path=/;HttpOnly;Secure;Domain=sanctuary-portal.scm.azurewebsites.net; ARRAffinitySameSite=c8fb3b5a823bfbb2d788ddf199e5ecc35671bb8032d40fd8731abd02a1110dbd;Path=/;HttpOnly;SameSite=None;Secure;Domain=sanctuary-portal.scm.azurewebsites.net" Transfer-Encoding="chunked" X-ARR-LOG-ID="8ab9d5be-7861-44cb-8d56-9bf960bc4197" CLIENT-IP="68.154.118.241:28672" X-SITE-DEPLOYMENT-ID="sanctuary-portal" WAS-DEFAULT-HOSTNAME="sanctuary-portal.scm.azurewebsites.net" X-Forwarded-Proto="https" X-AppService-Proto="https" X-Forwarded-TlsVersion="1.3" X-WAWS-Unencoded-URL="/api/zipdeploy?isAsync=true&amp;deployer=GITHUB_ZIP_DEPLOY&amp;message=%7B%22type%22%3A%22deployment%22%2C%22sha%22%3A%22109da5c05484b5c562911bbc86fe20575d394b1f%22%2C%22repoName%22%3A%22opsvantage-digital%2Fmarz-avatar-interface%22%2C%22actor%22%3A%22opsvantage-digital%22%2C%22slotName%22%3A%22production%22%2C%22commitMessage%22%3A%22start%3A%20call%20local%20next%20binary%20instead%20of%20npx%20for%20App%20Service%20stability%22%7D" X-Client-IP="68.154.118.241" X-Client-Port="28672" >
  <step title="ZipPushDeploy" date="2025-10-19T01:33:14.407" >
    <step title="ZipDeploy. Extract zip." date="2025-10-19T01:33:14.434" /><!-- duration: 29ms -->
    <step title="Starting PushDeployAsync" date="2025-10-19T01:33:14.475" /><!-- duration: 2ms -->
    <step title="Writing artifact to /tmp/zipdeploy/e07d107d-cbe2-46be-9e81-21f1060612cb.zip" date="2025-10-19T01:33:14.525" >
      <step title="Writing multipart request body to /tmp/zipdeploy/e07d107d-cbe2-46be-9e81-21f1060612cb.zip" date="2025-10-19T01:33:14.542" /><!-- duration: 4ms -->
    </step><!-- duration: 370ms -->
    <step title="Start deployment in the background" date="2025-10-19T01:33:14.942" >
      <step title="Acquiring Deployment Lock" date="2025-10-19T01:33:15.010" /><!-- duration: 19ms -->
      <step title="Acquired Deployment Lock" date="2025-10-19T01:33:15.106" /><!-- duration: 38ms -->
    </step><!-- duration: 620ms -->
  </step><!-- duration: 1199ms -->
  <step title="Outgoing response" date="2025-10-19T01:33:15.615" type="response" statusCode="202" statusText="Accepted" /><!-- duration: 9ms -->
</step><!-- duration: 1318ms -->
