<step title="Incoming Request" date="2025-10-19T01:51:57.731" instance="c8fb3b" url="/api/zipdeploy?isAsync=true&amp;deployer=GITHUB_ZIP_DEPLOY&amp;message=%7B%22type%22%3A%22deployment%22%2C%22sha%22%3A%228f707abd0084bf3a00c3a1f27f145665a8f438e0%22%2C%22repoName%22%3A%22opsvantage-digital%2Fmarz-avatar-interface%22%2C%22actor%22%3A%22opsvantage-digital%22%2C%22slotName%22%3A%22production%22%2C%22commitMessage%22%3A%22ci%3A%20deploy%20with%20source%20package%20to%20enable%20Oryx%20build%3B%20unify%20publish%20profile%20usage%22%7D" method="POST" type="request" pid="823,1,18" Host="sanctuary-portal.scm.azurewebsites.net" User-Agent="GITHUBACTIONS_DeployWebAppToAzure_bf4c71b5cd9aa1c94ef4a54f1c9bb6e95e8a6094c4209a1ecbcd493e852244de" Authorization="Bas..." Content-Type="application/octet-stream" Cookie="ARRAffinity=c8fb3b5a823bfbb2d788ddf199e5ecc35671bb8032d40fd8731abd02a1110dbd;Path=/;HttpOnly;Secure;Domain=sanctuary-portal.scm.azurewebsites.net; ARRAffinitySameSite=c8fb3b5a823bfbb2d788ddf199e5ecc35671bb8032d40fd8731abd02a1110dbd;Path=/;HttpOnly;SameSite=None;Secure;Domain=sanctuary-portal.scm.azurewebsites.net" Transfer-Encoding="chunked" X-ARR-LOG-ID="c0494ce9-ca4e-438c-b889-1abebb8c1839" CLIENT-IP="104.209.11.211:38912" X-SITE-DEPLOYMENT-ID="sanctuary-portal" WAS-DEFAULT-HOSTNAME="sanctuary-portal.scm.azurewebsites.net" X-Forwarded-Proto="https" X-AppService-Proto="https" X-Forwarded-TlsVersion="1.3" X-WAWS-Unencoded-URL="/api/zipdeploy?isAsync=true&amp;deployer=GITHUB_ZIP_DEPLOY&amp;message=%7B%22type%22%3A%22deployment%22%2C%22sha%22%3A%228f707abd0084bf3a00c3a1f27f145665a8f438e0%22%2C%22repoName%22%3A%22opsvantage-digital%2Fmarz-avatar-interface%22%2C%22actor%22%3A%22opsvantage-digital%22%2C%22slotName%22%3A%22production%22%2C%22commitMessage%22%3A%22ci%3A%20deploy%20with%20source%20package%20to%20enable%20Oryx%20build%3B%20unify%20publish%20profile%20usage%22%7D" X-Client-IP="104.209.11.211" X-Client-Port="38912" >
  <step title="ZipPushDeploy" date="2025-10-19T01:51:57.736" >
    <step title="ZipDeploy. Extract zip." date="2025-10-19T01:51:57.739" /><!-- duration: 2ms -->
    <step title="Starting PushDeployAsync" date="2025-10-19T01:51:57.743" /><!-- duration: 1ms -->
    <step title="Writing artifact to /tmp/zipdeploy/7ff017d5-3942-49bd-8026-b838ef86e07e.zip" date="2025-10-19T01:51:57.754" >
      <step title="Writing multipart request body to /tmp/zipdeploy/7ff017d5-3942-49bd-8026-b838ef86e07e.zip" date="2025-10-19T01:51:57.756" /><!-- duration: 8ms -->
    </step><!-- duration: 20ms -->
    <step title="Start deployment in the background" date="2025-10-19T01:51:57.792" >
      <step title="Acquiring Deployment Lock" date="2025-10-19T01:51:57.804" /><!-- duration: 1ms -->
      <step title="Acquired Deployment Lock" date="2025-10-19T01:51:57.836" /><!-- duration: 1ms -->
    </step><!-- duration: 129ms -->
  </step><!-- duration: 187ms -->
  <step title="Outgoing response" date="2025-10-19T01:51:57.929" type="response" statusCode="202" statusText="Accepted" /><!-- duration: 1ms -->
</step><!-- duration: 202ms -->
