<step title="BackgroundTrace" date="2025-10-31T08:24:36.999" instance="c8fb3b" url="/api/zipdeploy" method="POST" >
  <step title="Creating temporary deployment - FetchDeploymentManager" date="2025-10-31T08:24:37.119" /><!-- duration: 10ms -->
  <step title="Creating temporary deployment" date="2025-10-31T08:24:37.146" /><!-- duration: 81ms -->
  <step title="Performing fetch based deployment" date="2025-10-31T08:24:37.269" >
    <step title="Deployment timer started" date="2025-10-31T08:24:40.511" >
      <step title="DeploymentManager.Deploy(id:f48cac1d-825c-4ce3-9f04-a7df98d37348)" date="2025-10-31T08:24:40.519" >
        <step title="Collecting changeset information" date="2025-10-31T08:24:40.581" /><!-- duration: 86ms -->
        <step title="Updating submodules" date="2025-10-31T08:24:40.671" /><!-- duration: 1168ms -->
        <step title="Determining deployment builder" date="2025-10-31T08:24:42.110" >
          <step title="Builder is RunFromZipSiteBuilder" date="2025-10-31T08:24:42.119" /><!-- duration: 9ms -->
        </step><!-- duration: 28ms -->
        <step title="PreDeployment: context.CleanOutputPath False" date="2025-10-31T08:24:42.228" >
          <step title="PreDeployment: context.OutputPath /home/site/wwwroot" date="2025-10-31T08:24:42.628" >
            <step title="Building" date="2025-10-31T08:24:42.795" >
              <step title="Triggering recycle (preview mode disabled)." date="2025-10-31T08:24:43.219" /><!-- duration: 8ms -->
              <step title="Modified file to trigger a restart of the app container." date="2025-10-31T08:24:43.249" /><!-- duration: 2ms -->
              <step title="Skip function trigger and logicapp sync because function is not enabled." date="2025-10-31T08:24:43.255" /><!-- duration: 10ms -->
              <step title="Purge deployment items" date="2025-10-31T08:24:44.826" >
                <step title="Remove 7cb8eced-, Success, received at 10/24/2025 08:46:20" date="2025-10-31T08:24:44.954" /><!-- duration: 8ms -->
              </step><!-- duration: 138ms -->
            </step><!-- duration: 2288ms -->
          </step><!-- duration: 2463ms -->
          <step title="Cleaning up temp files" date="2025-10-31T08:24:45.093" /><!-- duration: 19ms -->
          <step title="Cleaning up temp files" date="2025-10-31T08:24:45.140" /><!-- duration: 526ms -->
          <step title="Reloading status file with latest updates" date="2025-10-31T08:24:45.728" >
            <step title="WebHooksManager.PublishEventAsync: PostDeployment" date="2025-10-31T08:24:45.754" /><!-- duration: 89ms -->
          </step><!-- duration: 118ms -->
          <step title="Cleaning up temporary deployment - fetch deployment was successful" date="2025-10-31T08:24:45.864" /><!-- duration: 8ms -->
        </step><!-- duration: 3733ms -->
      </step><!-- duration: 5492ms -->
