<step title="Incoming Request" date="2025-10-24T01:40:40.120" instance="c8fb3b" url="/api/deployments/latest?deployer=GITHUB_ZIP_DEPLOY&amp;time=2025-10-24_01-37-41Z" method="GET" type="request" pid="823,1,7" Host="sanctuary-portal.scm.azurewebsites.net" User-Agent="GITHUBACTIONS_DeployWebAppToAzure_bf4c71b5cd9aa1c94ef4a54f1c9bb6e95e8a6094c4209a1ecbcd493e852244de" Authorization="Bea..." Content-Type="application/json; charset=utf-8" Cookie="ARRAffinity=c8fb3b5a823bfbb2d788ddf199e5ecc35671bb8032d40fd8731abd02a1110dbd;Path=/;HttpOnly;Secure;Domain=sanctuary-portal.scm.azurewebsites.net; ARRAffinitySameSite=c8fb3b5a823bfbb2d788ddf199e5ecc35671bb8032d40fd8731abd02a1110dbd;Path=/;HttpOnly;SameSite=None;Secure;Domain=sanctuary-portal.scm.azurewebsites.net" Content-Length="0" X-ARR-LOG-ID="382d0eff-07cf-456f-bc01-c1a8492b5a47" CLIENT-IP="172.183.94.162:9254" X-SITE-DEPLOYMENT-ID="sanctuary-portal" WAS-DEFAULT-HOSTNAME="sanctuary-portal.scm.azurewebsites.net" X-Forwarded-Proto="https" X-AppService-Proto="https" X-Forwarded-TlsVersion="1.3" X-WAWS-Unencoded-URL="/api/deployments/latest?deployer=GITHUB_ZIP_DEPLOY&amp;time=2025-10-24_01-37-41Z" X-Client-IP="172.183.94.162" X-Client-Port="9254" >
  <step title="Cleanup Xml Logs" date="2025-10-24T01:40:40.122" >
    <step title="Cleanup Infos" date="2025-10-24T01:40:40.194" totalFiles="249" totalCleanup="89" /><!-- duration: 39ms -->
  </step><!-- duration: 121ms -->
  <step title="DeploymentService.GetResult" date="2025-10-24T01:40:40.263" >
    <step title="DeploymentService.GetLatestDeployment" date="2025-10-24T01:40:40.273" >
      <step title="DeploymentManager.GetResults" date="2025-10-24T01:40:40.274" /><!-- duration: 1166ms -->
    </step><!-- duration: 1186ms -->
  </step><!-- duration: 1197ms -->
  <step title="Outgoing response" date="2025-10-24T01:40:41.479" type="response" statusCode="202" statusText="Accepted" /><!-- duration: 2ms -->
</step><!-- duration: 1369ms -->
