<step title="BackgroundTrace" date="2025-11-04T10:04:24.800" instance="1ee237" url="/api/zipdeploy" method="POST" >
  <step title="Cleanup Xml Logs" date="2025-11-04T10:04:24.839" >
    <step title="Cleanup Infos" date="2025-11-04T10:04:24.949" totalFiles="482" totalCleanup="322" /><!-- duration: 50ms -->
  </step><!-- duration: 260ms -->
  <step title="Creating temporary deployment - FetchDeploymentManager" date="2025-11-04T10:04:25.744" /><!-- duration: 20ms -->
  <step title="Creating temporary deployment" date="2025-11-04T10:04:25.786" /><!-- duration: 1043ms -->
  <step title="Performing fetch based deployment" date="2025-11-04T10:04:27.785" >
    <step title="Deployment timer started" date="2025-11-04T10:04:32.391" >
      <step title="DeploymentManager.Deploy(id:d78d17d4-7149-4248-9a18-5e5423963b36)" date="2025-11-04T10:04:32.441" >
        <step title="Collecting changeset information" date="2025-11-04T10:04:32.661" /><!-- duration: 504ms -->
        <step title="Updating submodules" date="2025-11-04T10:04:33.224" /><!-- duration: 1641ms -->
        <step title="Determining deployment builder" date="2025-11-04T10:04:35.570" >
          <step title="Builder is RunFromZipSiteBuilder" date="2025-11-04T10:04:37.118" /><!-- duration: 59ms -->
        </step><!-- duration: 1658ms -->
        <step title="PreDeployment: context.CleanOutputPath False" date="2025-11-04T10:04:37.410" >
          <step title="PreDeployment: context.OutputPath /home/site/wwwroot" date="2025-11-04T10:04:37.739" >
            <step title="Building" date="2025-11-04T10:04:38.011" >
              <step title="Triggering recycle (preview mode disabled)." date="2025-11-04T10:04:38.505" /><!-- duration: 50ms -->
              <step title="Modified file to trigger a restart of the app container." date="2025-11-04T10:04:38.633" /><!-- duration: 20ms -->
              <step title="Skip function trigger and logicapp sync because function is not enabled." date="2025-11-04T10:04:38.685" /><!-- duration: 31ms -->
              <step title="Purge deployment items" date="2025-11-04T10:04:41.551" >
                <step title="Remove temp-ba4e, Failed, received at 11/04/2025 10:04:25" date="2025-11-04T10:04:41.803" /><!-- duration: 28ms -->
                <step title="Remove be00f682-, Success, received at 10/24/2025 14:11:09" date="2025-11-04T10:04:42.063" /><!-- duration: 42ms -->
              </step><!-- duration: 594ms -->
            </step><!-- duration: 4344ms -->
          </step><!-- duration: 4675ms -->
          <step title="Cleaning up temp files" date="2025-11-04T10:04:42.444" /><!-- duration: 42ms -->
          <step title="Cleaning up temp files" date="2025-11-04T10:04:42.534" /><!-- duration: 536ms -->
          <step title="Reloading status file with latest updates" date="2025-11-04T10:04:43.279" >
            <step title="WebHooksManager.PublishEventAsync: PostDeployment" date="2025-11-04T10:04:43.311" /><!-- duration: 592ms -->
          </step><!-- duration: 646ms -->
          <step title="Cleaning up temporary deployment - fetch deployment was successful" date="2025-11-04T10:04:43.963" /><!-- duration: 22ms -->
        </step><!-- duration: 6695ms -->
      </step><!-- duration: 11734ms -->
