<step title="Incoming Request" date="2025-10-19T01:39:25.509" instance="c8fb3b" url="/api/zipdeploy?isAsync=true&amp;deployer=GITHUB_ZIP_DEPLOY&amp;message=%7B%22type%22%3A%22deployment%22%2C%22sha%22%3A%229eb9abee45c6bcb719be3d97e928981371526fda%22%2C%22repoName%22%3A%22opsvantage-digital%2Fmarz-avatar-interface%22%2C%22actor%22%3A%22opsvantage-digital%22%2C%22slotName%22%3A%22production%22%2C%22commitMessage%22%3A%22%20Refined%20voice%20path%20%20publish%20profile%20login%22%7D" method="POST" type="request" pid="823,1,19" Host="sanctuary-portal.scm.azurewebsites.net" User-Agent="GITHUBACTIONS_DeployWebAppToAzure_bf4c71b5cd9aa1c94ef4a54f1c9bb6e95e8a6094c4209a1ecbcd493e852244de" Authorization="Bas..." Content-Type="application/octet-stream" Cookie="ARRAffinity=c8fb3b5a823bfbb2d788ddf199e5ecc35671bb8032d40fd8731abd02a1110dbd;Path=/;HttpOnly;Secure;Domain=sanctuary-portal.scm.azurewebsites.net; ARRAffinitySameSite=c8fb3b5a823bfbb2d788ddf199e5ecc35671bb8032d40fd8731abd02a1110dbd;Path=/;HttpOnly;SameSite=None;Secure;Domain=sanctuary-portal.scm.azurewebsites.net" Transfer-Encoding="chunked" X-ARR-LOG-ID="8c9079b4-fecf-4a2a-9e06-f201ab05e28c" CLIENT-IP="68.220.56.240:33792" X-SITE-DEPLOYMENT-ID="sanctuary-portal" WAS-DEFAULT-HOSTNAME="sanctuary-portal.scm.azurewebsites.net" X-Forwarded-Proto="https" X-AppService-Proto="https" X-Forwarded-TlsVersion="1.3" X-WAWS-Unencoded-URL="/api/zipdeploy?isAsync=true&amp;deployer=GITHUB_ZIP_DEPLOY&amp;message=%7B%22type%22%3A%22deployment%22%2C%22sha%22%3A%229eb9abee45c6bcb719be3d97e928981371526fda%22%2C%22repoName%22%3A%22opsvantage-digital%2Fmarz-avatar-interface%22%2C%22actor%22%3A%22opsvantage-digital%22%2C%22slotName%22%3A%22production%22%2C%22commitMessage%22%3A%22%20Refined%20voice%20path%20%20publish%20profile%20login%22%7D" X-Client-IP="68.220.56.240" X-Client-Port="33792" >
  <step title="ZipPushDeploy" date="2025-10-19T01:39:25.572" >
    <step title="ZipDeploy. Extract zip." date="2025-10-19T01:39:25.587" /><!-- duration: 2ms -->
    <step title="Starting PushDeployAsync" date="2025-10-19T01:39:25.595" /><!-- duration: 2ms -->
    <step title="Writing artifact to /tmp/zipdeploy/5fc75ad5-35ef-4e69-828e-7d001330e47c.zip" date="2025-10-19T01:39:25.630" >
      <step title="Writing multipart request body to /tmp/zipdeploy/5fc75ad5-35ef-4e69-828e-7d001330e47c.zip" date="2025-10-19T01:39:25.641" /><!-- duration: 28ms -->
    </step><!-- duration: 142ms -->
    <step title="Start deployment in the background" date="2025-10-19T01:39:25.786" >
      <step title="Acquiring Deployment Lock" date="2025-10-19T01:39:25.813" /><!-- duration: 2ms -->
      <step title="Acquired Deployment Lock" date="2025-10-19T01:39:25.892" /><!-- duration: 2ms -->
    </step><!-- duration: 301ms -->
  </step><!-- duration: 534ms -->
  <step title="Outgoing response" date="2025-10-19T01:39:26.114" type="response" statusCode="202" statusText="Accepted" /><!-- duration: 10ms -->
</step><!-- duration: 616ms -->
