<step title="Incoming Request" date="2025-10-24T02:10:29.621" instance="c8fb3b" url="/api/deployments/latest?deployer=GITHUB_ZIP_DEPLOY&amp;time=2025-10-24_02-09-33Z" method="GET" type="request" pid="823,1,56" Host="sanctuary-portal.scm.azurewebsites.net" User-Agent="GITHUBACTIONS_DeployWebAppToAzure_bf4c71b5cd9aa1c94ef4a54f1c9bb6e95e8a6094c4209a1ecbcd493e852244de" Authorization="Bea..." Content-Type="application/json; charset=utf-8" Cookie="ARRAffinity=c8fb3b5a823bfbb2d788ddf199e5ecc35671bb8032d40fd8731abd02a1110dbd;Path=/;HttpOnly;Secure;Domain=sanctuary-portal.scm.azurewebsites.net; ARRAffinitySameSite=c8fb3b5a823bfbb2d788ddf199e5ecc35671bb8032d40fd8731abd02a1110dbd;Path=/;HttpOnly;SameSite=None;Secure;Domain=sanctuary-portal.scm.azurewebsites.net" Content-Length="0" X-ARR-LOG-ID="4eb0f95d-1823-4a51-a6ab-ff202058603c" CLIENT-IP="128.24.161.34:39952" X-SITE-DEPLOYMENT-ID="sanctuary-portal" WAS-DEFAULT-HOSTNAME="sanctuary-portal.scm.azurewebsites.net" X-Forwarded-Proto="https" X-AppService-Proto="https" X-Forwarded-TlsVersion="1.3" X-WAWS-Unencoded-URL="/api/deployments/latest?deployer=GITHUB_ZIP_DEPLOY&amp;time=2025-10-24_02-09-33Z" X-Client-IP="128.24.161.34" X-Client-Port="39952" >
  <step title="Cleanup Xml Logs" date="2025-10-24T02:10:29.622" >
    <step title="Cleanup Infos" date="2025-10-24T02:10:29.647" totalFiles="265" totalCleanup="105" /><!-- duration: 14ms -->
  </step><!-- duration: 40ms -->
  <step title="DeploymentService.GetResult" date="2025-10-24T02:10:29.689" >
    <step title="DeploymentService.GetLatestDeployment" date="2025-10-24T02:10:29.690" >
      <step title="DeploymentManager.GetResults" date="2025-10-24T02:10:29.698" /><!-- duration: 852ms -->
    </step><!-- duration: 869ms -->
  </step><!-- duration: 873ms -->
  <step title="Outgoing response" date="2025-10-24T02:10:30.597" type="response" statusCode="202" statusText="Accepted" /><!-- duration: 10ms -->
</step><!-- duration: 989ms -->
