<step title="BackgroundTrace" date="2025-10-24T09:23:48.474" instance="c8fb3b" url="/api/zipdeploy" method="POST" >
  <step title="Cleanup Xml Logs" date="2025-10-24T09:23:48.483" >
    <step title="Cleanup Infos" date="2025-10-24T09:23:48.514" totalFiles="376" totalCleanup="216" /><!-- duration: 9ms -->
  </step><!-- duration: 48ms -->
  <step title="Creating temporary deployment - FetchDeploymentManager" date="2025-10-24T09:23:48.636" /><!-- duration: 1ms -->
  <step title="Creating temporary deployment" date="2025-10-24T09:23:48.662" /><!-- duration: 73ms -->
  <step title="Performing fetch based deployment" date="2025-10-24T09:23:48.776" >
    <step title="Deployment timer started" date="2025-10-24T09:23:52.486" >
      <step title="DeploymentManager.Deploy(id:e5ce592c-f0d8-4e3e-b13e-8af95e914ed1)" date="2025-10-24T09:23:52.490" >
        <step title="Collecting changeset information" date="2025-10-24T09:23:52.515" /><!-- duration: 135ms -->
        <step title="Updating submodules" date="2025-10-24T09:23:52.652" /><!-- duration: 1098ms -->
        <step title="Determining deployment builder" date="2025-10-24T09:23:54.002" >
          <step title="Builder is RunFromZipSiteBuilder" date="2025-10-24T09:23:54.032" /><!-- duration: 3ms -->
        </step><!-- duration: 42ms -->
        <step title="PreDeployment: context.CleanOutputPath False" date="2025-10-24T09:23:54.110" >
          <step title="PreDeployment: context.OutputPath /home/site/wwwroot" date="2025-10-24T09:23:54.236" >
            <step title="Building" date="2025-10-24T09:23:54.376" >
              <step title="Triggering recycle (preview mode disabled)." date="2025-10-24T09:23:54.750" /><!-- duration: 2ms -->
              <step title="Modified file to trigger a restart of the app container." date="2025-10-24T09:23:54.780" /><!-- duration: 7ms -->
              <step title="Skip function trigger and logicapp sync because function is not enabled." date="2025-10-24T09:23:54.791" /><!-- duration: 5ms -->
              <step title="Purge deployment items" date="2025-10-24T09:23:56.215" >
                <step title="Remove 6ec33422-, Success, received at 10/24/2025 01:38:30" date="2025-10-24T09:23:56.264" /><!-- duration: 2ms -->
              </step><!-- duration: 52ms -->
            </step><!-- duration: 1952ms -->
          </step><!-- duration: 2095ms -->
          <step title="Cleaning up temp files" date="2025-10-24T09:23:56.333" /><!-- duration: 2ms -->
          <step title="Cleaning up temp files" date="2025-10-24T09:23:56.348" /><!-- duration: 529ms -->
          <step title="Reloading status file with latest updates" date="2025-10-24T09:23:57.179" >
            <step title="WebHooksManager.PublishEventAsync: PostDeployment" date="2025-10-24T09:23:57.197" /><!-- duration: 53ms -->
          </step><!-- duration: 75ms -->
          <step title="Cleaning up temporary deployment - fetch deployment was successful" date="2025-10-24T09:23:57.259" /><!-- duration: 2ms -->
        </step><!-- duration: 3210ms -->
      </step><!-- duration: 4878ms -->
