<step title="Incoming Request" date="2025-10-24T02:22:01.146" instance="c8fb3b" url="/api/deployments/latest?deployer=GITHUB_ZIP_DEPLOY&amp;time=2025-10-24_02-18-57Z" method="GET" type="request" pid="823,1,17" Host="sanctuary-portal.scm.azurewebsites.net" User-Agent="GITHUBACTIONS_DeployWebAppToAzure_bf4c71b5cd9aa1c94ef4a54f1c9bb6e95e8a6094c4209a1ecbcd493e852244de" Authorization="Bea..." Content-Type="application/json; charset=utf-8" Cookie="ARRAffinity=c8fb3b5a823bfbb2d788ddf199e5ecc35671bb8032d40fd8731abd02a1110dbd;Path=/;HttpOnly;Secure;Domain=sanctuary-portal.scm.azurewebsites.net; ARRAffinitySameSite=c8fb3b5a823bfbb2d788ddf199e5ecc35671bb8032d40fd8731abd02a1110dbd;Path=/;HttpOnly;SameSite=None;Secure;Domain=sanctuary-portal.scm.azurewebsites.net" Content-Length="0" X-ARR-LOG-ID="b668a665-19c1-4d16-8f9e-3b39d0b74cdd" CLIENT-IP="132.196.32.65:36872" X-SITE-DEPLOYMENT-ID="sanctuary-portal" WAS-DEFAULT-HOSTNAME="sanctuary-portal.scm.azurewebsites.net" X-Forwarded-Proto="https" X-AppService-Proto="https" X-Forwarded-TlsVersion="1.3" X-WAWS-Unencoded-URL="/api/deployments/latest?deployer=GITHUB_ZIP_DEPLOY&amp;time=2025-10-24_02-18-57Z" X-Client-IP="132.196.32.65" X-Client-Port="36872" >
  <step title="Cleanup Xml Logs" date="2025-10-24T02:22:01.155" >
    <step title="Cleanup Infos" date="2025-10-24T02:22:01.165" totalFiles="316" totalCleanup="156" /><!-- duration: 5ms -->
  </step><!-- duration: 18ms -->
  <step title="DeploymentService.GetResult" date="2025-10-24T02:22:01.184" >
    <step title="DeploymentService.GetLatestDeployment" date="2025-10-24T02:22:01.185" >
      <step title="DeploymentManager.GetResults" date="2025-10-24T02:22:01.187" /><!-- duration: 843ms -->
    </step><!-- duration: 875ms -->
  </step><!-- duration: 927ms -->
  <step title="Outgoing response" date="2025-10-24T02:22:02.120" type="response" statusCode="202" statusText="Accepted" /><!-- duration: 10ms -->
</step><!-- duration: 992ms -->
