<step title="Incoming Request" date="2025-10-24T10:22:51.170" instance="c8fb3b" url="/api/zipdeploy?isAsync=true&amp;deployer=GITHUB_ZIP_DEPLOY&amp;message=%7B%22type%22%3A%22deployment%22%2C%22sha%22%3A%22b7a256b852fc5564eec9bc1c7c411b19d0759e62%22%2C%22repoName%22%3A%22opsvantage-digital%2Fmarz-avatar-interface%22%2C%22actor%22%3A%22opsvantage-digital%22%2C%22slotName%22%3A%22production%22%2C%22commitMessage%22%3A%22fix(workflows)%3A%20remove%20emojis%2C%20fix%20health%20check%20paths%2C%20enable%20ACR%20managed%20identity%20creds%22%7D" method="POST" type="request" pid="827,1,36" Host="sanctuary-portal.scm.azurewebsites.net" User-Agent="GITHUBACTIONS_DeployWebAppToAzure_bf4c71b5cd9aa1c94ef4a54f1c9bb6e95e8a6094c4209a1ecbcd493e852244de" Authorization="Bea..." Content-Type="application/octet-stream" Cookie="ARRAffinity=c8fb3b5a823bfbb2d788ddf199e5ecc35671bb8032d40fd8731abd02a1110dbd;Path=/;HttpOnly;Secure;Domain=sanctuary-portal.scm.azurewebsites.net; ARRAffinitySameSite=c8fb3b5a823bfbb2d788ddf199e5ecc35671bb8032d40fd8731abd02a1110dbd;Path=/;HttpOnly;SameSite=None;Secure;Domain=sanctuary-portal.scm.azurewebsites.net" Transfer-Encoding="chunked" X-ARR-LOG-ID="dd73eaa7-dfd1-415f-903a-eb3469a5f3d8" CLIENT-IP="172.184.209.184:6144" X-SITE-DEPLOYMENT-ID="sanctuary-portal" WAS-DEFAULT-HOSTNAME="sanctuary-portal.scm.azurewebsites.net" X-Forwarded-Proto="https" X-AppService-Proto="https" X-Forwarded-TlsVersion="1.3" X-WAWS-Unencoded-URL="/api/zipdeploy?isAsync=true&amp;deployer=GITHUB_ZIP_DEPLOY&amp;message=%7B%22type%22%3A%22deployment%22%2C%22sha%22%3A%22b7a256b852fc5564eec9bc1c7c411b19d0759e62%22%2C%22repoName%22%3A%22opsvantage-digital%2Fmarz-avatar-interface%22%2C%22actor%22%3A%22opsvantage-digital%22%2C%22slotName%22%3A%22production%22%2C%22commitMessage%22%3A%22fix(workflows)%3A%20remove%20emojis%2C%20fix%20health%20check%20paths%2C%20enable%20ACR%20managed%20identity%20creds%22%7D" X-Client-IP="172.184.209.184" X-Client-Port="6144" >
  <step title="Cleanup Xml Logs" date="2025-10-24T10:22:51.174" >
    <step title="Cleanup Infos" date="2025-10-24T10:22:51.192" totalFiles="380" totalCleanup="220" /><!-- duration: 8ms -->
  </step><!-- duration: 28ms -->
  <step title="ZipPushDeploy" date="2025-10-24T10:22:51.253" >
    <step title="ZipDeploy. Run from package." date="2025-10-24T10:22:51.267" /><!-- duration: 2ms -->
    <step title="Starting PushDeployAsync" date="2025-10-24T10:22:51.280" /><!-- duration: 7ms -->
    <step title="WEBSITE_RUN_FROM_PACKAGE is set to 1. Writing zip to SitePackagesPath" date="2025-10-24T10:22:51.293" /><!-- duration: 4ms -->
    <step title="Copying zip to SitePackages /home/data/SitePackages/20251024102251.zip from request body" date="2025-10-24T10:22:51.301" /><!-- duration: 2ms -->
    <step title="Writing multipart request body to /home/data/SitePackages/20251024102251.zip" date="2025-10-24T10:22:51.304" /><!-- duration: 1ms -->
    <step title="Deleting outdated zip file /home/data/SitePackages/20251024030756.zip" date="2025-10-24T10:22:54.005" /><!-- duration: 5ms -->
    <step title="Start deployment in the background" date="2025-10-24T10:22:54.026" >
      <step title="Acquiring Deployment Lock" date="2025-10-24T10:22:54.048" /><!-- duration: 2ms -->
      <step title="Acquired Deployment Lock" date="2025-10-24T10:22:54.100" /><!-- duration: 2ms -->
    </step><!-- duration: 178ms -->
  </step><!-- duration: 2962ms -->
  <step title="Outgoing response" date="2025-10-24T10:22:54.220" type="response" statusCode="202" statusText="Accepted" /><!-- duration: 2ms -->
</step><!-- duration: 3053ms -->
