<step title="Incoming Request" date="2025-10-24T02:10:02.491" instance="c8fb3b" url="/api/deployments/latest?deployer=GITHUB_ZIP_DEPLOY&amp;time=2025-10-24_02-09-33Z" method="GET" type="request" pid="823,1,59" Host="sanctuary-portal.scm.azurewebsites.net" User-Agent="GITHUBACTIONS_DeployWebAppToAzure_bf4c71b5cd9aa1c94ef4a54f1c9bb6e95e8a6094c4209a1ecbcd493e852244de" Authorization="Bea..." Content-Type="application/json; charset=utf-8" Cookie="ARRAffinity=c8fb3b5a823bfbb2d788ddf199e5ecc35671bb8032d40fd8731abd02a1110dbd;Path=/;HttpOnly;Secure;Domain=sanctuary-portal.scm.azurewebsites.net; ARRAffinitySameSite=c8fb3b5a823bfbb2d788ddf199e5ecc35671bb8032d40fd8731abd02a1110dbd;Path=/;HttpOnly;SameSite=None;Secure;Domain=sanctuary-portal.scm.azurewebsites.net" Content-Length="0" X-ARR-LOG-ID="8fc28095-59cd-46d6-b8cb-e9dadb3744c9" CLIENT-IP="128.24.161.34:39952" X-SITE-DEPLOYMENT-ID="sanctuary-portal" WAS-DEFAULT-HOSTNAME="sanctuary-portal.scm.azurewebsites.net" X-Forwarded-Proto="https" X-AppService-Proto="https" X-Forwarded-TlsVersion="1.3" X-WAWS-Unencoded-URL="/api/deployments/latest?deployer=GITHUB_ZIP_DEPLOY&amp;time=2025-10-24_02-09-33Z" X-Client-IP="128.24.161.34" X-Client-Port="39952" >
  <step title="Cleanup Xml Logs" date="2025-10-24T02:10:02.516" >
    <step title="Cleanup Infos" date="2025-10-24T02:10:02.587" totalFiles="261" totalCleanup="101" /><!-- duration: 20ms -->
  </step><!-- duration: 93ms -->
  <step title="DeploymentService.GetResult" date="2025-10-24T02:10:02.646" >
    <step title="DeploymentService.GetLatestDeployment" date="2025-10-24T02:10:02.666" >
      <step title="DeploymentManager.GetResults" date="2025-10-24T02:10:02.704" /><!-- duration: 1325ms -->
    </step><!-- duration: 1394ms -->
  </step><!-- duration: 1432ms -->
  <step title="Outgoing response" date="2025-10-24T02:10:04.098" type="response" statusCode="202" statusText="Accepted" /><!-- duration: 30ms -->
</step><!-- duration: 1664ms -->
