<step title="BackgroundTrace" date="2025-10-31T08:18:22.072" instance="c8fb3b" url="/api/zipdeploy" method="POST" >
  <step title="Creating temporary deployment - FetchDeploymentManager" date="2025-10-31T08:18:22.226" /><!-- duration: 2ms -->
  <step title="Creating temporary deployment" date="2025-10-31T08:18:22.234" /><!-- duration: 126ms -->
  <step title="Performing fetch based deployment" date="2025-10-31T08:18:22.564" >
    <step title="Deployment timer started" date="2025-10-31T08:18:26.064" >
      <step title="DeploymentManager.Deploy(id:cec196e5-e748-4b98-b093-a499dfc11211)" date="2025-10-31T08:18:26.072" >
        <step title="Collecting changeset information" date="2025-10-31T08:18:26.153" /><!-- duration: 115ms -->
        <step title="Updating submodules" date="2025-10-31T08:18:26.271" /><!-- duration: 1150ms -->
        <step title="Determining deployment builder" date="2025-10-31T08:18:27.665" >
          <step title="Builder is RunFromZipSiteBuilder" date="2025-10-31T08:18:27.689" /><!-- duration: 3ms -->
        </step><!-- duration: 41ms -->
        <step title="PreDeployment: context.CleanOutputPath False" date="2025-10-31T08:18:27.764" >
          <step title="PreDeployment: context.OutputPath /home/site/wwwroot" date="2025-10-31T08:18:27.894" >
            <step title="Building" date="2025-10-31T08:18:28.047" >
              <step title="Triggering recycle (preview mode disabled)." date="2025-10-31T08:18:28.914" /><!-- duration: 7ms -->
              <step title="Modified file to trigger a restart of the app container." date="2025-10-31T08:18:28.987" /><!-- duration: 27ms -->
              <step title="Skip function trigger and logicapp sync because function is not enabled." date="2025-10-31T08:18:29.063" /><!-- duration: 8ms -->
              <step title="Purge deployment items" date="2025-10-31T08:18:30.451" >
                <step title="Remove 5fca5a15-, Success, received at 10/24/2025 08:18:53" date="2025-10-31T08:18:30.532" /><!-- duration: 2ms -->
              </step><!-- duration: 86ms -->
            </step><!-- duration: 2567ms -->
          </step><!-- duration: 2723ms -->
          <step title="Cleaning up temp files" date="2025-10-31T08:18:30.620" /><!-- duration: 13ms -->
          <step title="Cleaning up temp files" date="2025-10-31T08:18:30.642" /><!-- duration: 512ms -->
          <step title="Reloading status file with latest updates" date="2025-10-31T08:18:31.198" >
            <step title="WebHooksManager.PublishEventAsync: PostDeployment" date="2025-10-31T08:18:31.223" /><!-- duration: 90ms -->
          </step><!-- duration: 118ms -->
          <step title="Cleaning up temporary deployment - fetch deployment was successful" date="2025-10-31T08:18:31.348" /><!-- duration: 3ms -->
        </step><!-- duration: 3681ms -->
      </step><!-- duration: 5386ms -->
