<step title="Incoming Request" date="2025-10-31T08:18:26.299" instance="c8fb3b" url="/api/deployments/latest" method="GET" type="request" pid="827,1,17" Accept="*/*" Host="sanctuary-portal.scm.azurewebsites.net" User-Agent="AZURECLI/2.77.0 (MSI)" Accept-Encoding="gzip, deflate" Authorization="Bas..." x-ms-client-request-id="2786e3fc-b632-11f0-b6fc-145afc07e81c" X-ARR-LOG-ID="2786e3fc-b632-11f0-b6fc-145afc07e81c" CLIENT-IP="203.211.76.36:30565" X-SITE-DEPLOYMENT-ID="sanctuary-portal" WAS-DEFAULT-HOSTNAME="sanctuary-portal.scm.azurewebsites.net" X-Forwarded-Proto="https" X-AppService-Proto="https" X-Forwarded-TlsVersion="1.3" X-WAWS-Unencoded-URL="/api/deployments/latest" X-Client-IP="203.211.76.36" X-Client-Port="30565" >
  <step title="Cleanup Xml Logs" date="2025-10-31T08:18:26.301" >
    <step title="Cleanup Infos" date="2025-10-31T08:18:26.308" totalFiles="412" totalCleanup="252" /><!-- duration: 2ms -->
  </step><!-- duration: 11ms -->
  <step title="DeploymentService.GetResult" date="2025-10-31T08:18:26.333" >
    <step title="DeploymentService.GetLatestDeployment" date="2025-10-31T08:18:26.347" >
      <step title="DeploymentManager.GetResults" date="2025-10-31T08:18:26.349" /><!-- duration: 840ms -->
    </step><!-- duration: 849ms -->
  </step><!-- duration: 871ms -->
  <step title="Outgoing response" date="2025-10-31T08:18:27.273" type="response" statusCode="202" statusText="Accepted" /><!-- duration: 10ms -->
</step><!-- duration: 985ms -->
