<step title="Incoming Request" date="2025-10-24T16:10:45.861" instance="c8fb3b" url="/api/zipdeploy?isAsync=true&amp;deployer=GITHUB_ZIP_DEPLOY&amp;message=%7B%22type%22%3A%22deployment%22%2C%22sha%22%3A%2222899dbd3786f660903e17506ad1d9a75727189c%22%2C%22repoName%22%3A%22opsvantage-digital%2Fmarz-avatar-interface%22%2C%22actor%22%3A%22opsvantage-digital%22%2C%22slotName%22%3A%22production%22%2C%22commitMessage%22%3A%22feat(public-site)%3A%20move%20static%20site%20and%20add%20zero-dep%20static%20server%22%7D" method="POST" type="request" pid="827,1,52" Host="sanctuary-portal.scm.azurewebsites.net" User-Agent="GITHUBACTIONS_DeployWebAppToAzure_bf4c71b5cd9aa1c94ef4a54f1c9bb6e95e8a6094c4209a1ecbcd493e852244de" Authorization="Bea..." Content-Type="application/octet-stream" Cookie="ARRAffinity=c8fb3b5a823bfbb2d788ddf199e5ecc35671bb8032d40fd8731abd02a1110dbd;Path=/;HttpOnly;Secure;Domain=sanctuary-portal.scm.azurewebsites.net; ARRAffinitySameSite=c8fb3b5a823bfbb2d788ddf199e5ecc35671bb8032d40fd8731abd02a1110dbd;Path=/;HttpOnly;SameSite=None;Secure;Domain=sanctuary-portal.scm.azurewebsites.net" Transfer-Encoding="chunked" X-ARR-LOG-ID="3c1c0ca6-a717-4e6b-995a-d79ca0012ddd" CLIENT-IP="135.119.38.37:18472" X-SITE-DEPLOYMENT-ID="sanctuary-portal" WAS-DEFAULT-HOSTNAME="sanctuary-portal.scm.azurewebsites.net" X-Forwarded-Proto="https" X-AppService-Proto="https" X-Forwarded-TlsVersion="1.3" X-WAWS-Unencoded-URL="/api/zipdeploy?isAsync=true&amp;deployer=GITHUB_ZIP_DEPLOY&amp;message=%7B%22type%22%3A%22deployment%22%2C%22sha%22%3A%2222899dbd3786f660903e17506ad1d9a75727189c%22%2C%22repoName%22%3A%22opsvantage-digital%2Fmarz-avatar-interface%22%2C%22actor%22%3A%22opsvantage-digital%22%2C%22slotName%22%3A%22production%22%2C%22commitMessage%22%3A%22feat(public-site)%3A%20move%20static%20site%20and%20add%20zero-dep%20static%20server%22%7D" X-Client-IP="135.119.38.37" X-Client-Port="18472" >
  <step title="Cleanup Xml Logs" date="2025-10-24T16:10:45.865" >
    <step title="Cleanup Infos" date="2025-10-24T16:10:45.877" totalFiles="400" totalCleanup="240" /><!-- duration: 3ms -->
  </step><!-- duration: 20ms -->
  <step title="ZipPushDeploy" date="2025-10-24T16:10:45.932" >
    <step title="ZipDeploy. Run from package." date="2025-10-24T16:10:45.945" /><!-- duration: 1ms -->
    <step title="Starting PushDeployAsync" date="2025-10-24T16:10:45.957" /><!-- duration: 2ms -->
    <step title="WEBSITE_RUN_FROM_PACKAGE is set to 1. Writing zip to SitePackagesPath" date="2025-10-24T16:10:45.988" /><!-- duration: 8ms -->
    <step title="Copying zip to SitePackages /home/data/SitePackages/20251024161045.zip from request body" date="2025-10-24T16:10:46.004" /><!-- duration: 2ms -->
    <step title="Writing multipart request body to /home/data/SitePackages/20251024161045.zip" date="2025-10-24T16:10:46.037" /><!-- duration: 7ms -->
    <step title="Deleting outdated zip file /home/data/SitePackages/20251024092333.zip" date="2025-10-24T16:10:50.280" /><!-- duration: 8ms -->
    <step title="Start deployment in the background" date="2025-10-24T16:10:50.301" >
      <step title="Acquiring Deployment Lock" date="2025-10-24T16:10:50.410" /><!-- duration: 2ms -->
      <step title="Acquired Deployment Lock" date="2025-10-24T16:10:50.470" /><!-- duration: 2ms -->
    </step><!-- duration: 306ms -->
  </step><!-- duration: 4813ms -->
  <step title="Outgoing response" date="2025-10-24T16:10:50.756" type="response" statusCode="202" statusText="Accepted" /><!-- duration: 3ms -->
</step><!-- duration: 4899ms -->
