<step title="Incoming Request" date="2025-10-31T08:24:36.673" instance="c8fb3b" url="/api/zipdeploy?isAsync=true" method="POST" type="request" pid="827,1,47" Accept="*/*" Host="sanctuary-portal.scm.azurewebsites.net" User-Agent="AZURECLI/2.77.0 (MSI)" Accept-Encoding="gzip, deflate" Authorization="Bas..." Cache-Control="no-cache" Content-Type="application/octet-stream" Content-Length="290307" x-ms-client-request-id="0785c9e9-b633-11f0-8480-145afc07e81c" x-ms-artifact-checksum="e36489c4987acac9e0a3fb5bfe435315acf8a8e6aa0d5182b98ba0877d105705" X-ARR-LOG-ID="0785c9e9-b633-11f0-8480-145afc07e81c" CLIENT-IP="203.211.76.36:30559" X-SITE-DEPLOYMENT-ID="sanctuary-portal" WAS-DEFAULT-HOSTNAME="sanctuary-portal.scm.azurewebsites.net" X-Forwarded-Proto="https" X-AppService-Proto="https" X-Forwarded-TlsVersion="1.3" X-WAWS-Unencoded-URL="/api/zipdeploy?isAsync=true" X-Client-IP="203.211.76.36" X-Client-Port="30559" >
  <step title="Cleanup Xml Logs" date="2025-10-31T08:24:36.711" >
    <step title="Cleanup Infos" date="2025-10-31T08:24:36.801" totalFiles="421" totalCleanup="261" /><!-- duration: 6ms -->
  </step><!-- duration: 100ms -->
  <step title="ZipPushDeploy" date="2025-10-31T08:24:36.846" >
    <step title="ZipDeploy. Run from package." date="2025-10-31T08:24:36.849" /><!-- duration: 1ms -->
    <step title="Starting PushDeployAsync" date="2025-10-31T08:24:36.853" /><!-- duration: 2ms -->
    <step title="WEBSITE_RUN_FROM_PACKAGE is set to 1. Writing zip to SitePackagesPath" date="2025-10-31T08:24:36.860" /><!-- duration: 6ms -->
    <step title="Copying zip to SitePackages /home/data/SitePackages/20251031082436.zip from request body" date="2025-10-31T08:24:36.874" /><!-- duration: 2ms -->
    <step title="Writing multipart request body to /home/data/SitePackages/20251031082436.zip" date="2025-10-31T08:24:36.886" /><!-- duration: 9ms -->
    <step title="Deleting outdated zip file /home/data/SitePackages/20251024121951.zip" date="2025-10-31T08:24:36.972" /><!-- duration: 19ms -->
    <step title="Start deployment in the background" date="2025-10-31T08:24:36.995" >
      <step title="Acquiring Deployment Lock" date="2025-10-31T08:24:37.041" /><!-- duration: 21ms -->
      <step title="Acquired Deployment Lock" date="2025-10-31T08:24:37.111" /><!-- duration: 2ms -->
    </step><!-- duration: 242ms -->
  </step><!-- duration: 394ms -->
  <step title="Outgoing response" date="2025-10-31T08:24:37.248" type="response" statusCode="202" statusText="Accepted" /><!-- duration: 2ms -->
</step><!-- duration: 583ms -->
