<step title="BackgroundTrace" date="2025-10-31T06:40:16.253" instance="c8fb3b" url="/api/zipdeploy" method="POST" >
  <step title="Creating temporary deployment - FetchDeploymentManager" date="2025-10-31T06:40:16.345" /><!-- duration: 2ms -->
  <step title="Creating temporary deployment" date="2025-10-31T06:40:16.354" /><!-- duration: 169ms -->
  <step title="Performing fetch based deployment" date="2025-10-31T06:40:16.611" >
    <step title="Deployment timer started" date="2025-10-31T06:40:19.846" >
      <step title="DeploymentManager.Deploy(id:e6abdbe6-4c10-4fe8-9d8a-04d4416f1eab)" date="2025-10-31T06:40:19.886" >
        <step title="Collecting changeset information" date="2025-10-31T06:40:19.954" /><!-- duration: 187ms -->
        <step title="Updating submodules" date="2025-10-31T06:40:20.145" /><!-- duration: 1198ms -->
        <step title="Determining deployment builder" date="2025-10-31T06:40:21.585" >
          <step title="Builder is RunFromZipSiteBuilder" date="2025-10-31T06:40:21.600" /><!-- duration: 9ms -->
        </step><!-- duration: 50ms -->
        <step title="PreDeployment: context.CleanOutputPath False" date="2025-10-31T06:40:21.713" >
          <step title="PreDeployment: context.OutputPath /home/site/wwwroot" date="2025-10-31T06:40:21.916" >
            <step title="Building" date="2025-10-31T06:40:23.377" >
              <step title="Triggering recycle (preview mode disabled)." date="2025-10-31T06:40:24.320" /><!-- duration: 3ms -->
              <step title="Modified file to trigger a restart of the app container." date="2025-10-31T06:40:24.364" /><!-- duration: 2ms -->
              <step title="Skip function trigger and logicapp sync because function is not enabled." date="2025-10-31T06:40:24.389" /><!-- duration: 3ms -->
              <step title="Purge deployment items" date="2025-10-31T06:40:25.944" >
                <step title="Remove 2c0823de-, Success, received at 10/24/2025 03:08:03" date="2025-10-31T06:40:26.001" /><!-- duration: 2ms -->
              </step><!-- duration: 63ms -->
            </step><!-- duration: 2721ms -->
          </step><!-- duration: 4216ms -->
          <step title="Cleaning up temp files" date="2025-10-31T06:40:26.181" /><!-- duration: 27ms -->
          <step title="Cleaning up temp files" date="2025-10-31T06:40:26.221" /><!-- duration: 578ms -->
          <step title="Reloading status file with latest updates" date="2025-10-31T06:40:26.922" >
            <step title="WebHooksManager.PublishEventAsync: PostDeployment" date="2025-10-31T06:40:26.961" /><!-- duration: 82ms -->
          </step><!-- duration: 123ms -->
          <step title="Cleaning up temporary deployment - fetch deployment was successful" date="2025-10-31T06:40:27.051" /><!-- duration: 4ms -->
        </step><!-- duration: 5411ms -->
      </step><!-- duration: 7249ms -->
