<step title="Incoming Request" date="2025-10-19T01:41:25.513" instance="c8fb3b" url="/api/zipdeploy?isAsync=true&amp;deployer=GITHUB_ZIP_DEPLOY&amp;message=%7B%22type%22%3A%22deployment%22%2C%22sha%22%3A%226757eaf6483f06e879f98922224824e75d3c9448%22%2C%22repoName%22%3A%22opsvantage-digital%2Fmarz-avatar-interface%22%2C%22actor%22%3A%22opsvantage-digital%22%2C%22slotName%22%3A%22production%22%2C%22commitMessage%22%3A%22%20Refined%20voice%20path%20%20publish%20profile%20login%22%7D" method="POST" type="request" pid="823,1,30" Host="sanctuary-portal.scm.azurewebsites.net" User-Agent="GITHUBACTIONS_DeployWebAppToAzure_bf4c71b5cd9aa1c94ef4a54f1c9bb6e95e8a6094c4209a1ecbcd493e852244de" Authorization="Bas..." Content-Type="application/octet-stream" Cookie="ARRAffinity=c8fb3b5a823bfbb2d788ddf199e5ecc35671bb8032d40fd8731abd02a1110dbd;Path=/;HttpOnly;Secure;Domain=sanctuary-portal.scm.azurewebsites.net; ARRAffinitySameSite=c8fb3b5a823bfbb2d788ddf199e5ecc35671bb8032d40fd8731abd02a1110dbd;Path=/;HttpOnly;SameSite=None;Secure;Domain=sanctuary-portal.scm.azurewebsites.net" Transfer-Encoding="chunked" X-ARR-LOG-ID="b3d0f387-a970-4a79-8c57-82b9d35c4d4e" CLIENT-IP="52.154.19.224:58304" X-SITE-DEPLOYMENT-ID="sanctuary-portal" WAS-DEFAULT-HOSTNAME="sanctuary-portal.scm.azurewebsites.net" X-Forwarded-Proto="https" X-AppService-Proto="https" X-Forwarded-TlsVersion="1.3" X-WAWS-Unencoded-URL="/api/zipdeploy?isAsync=true&amp;deployer=GITHUB_ZIP_DEPLOY&amp;message=%7B%22type%22%3A%22deployment%22%2C%22sha%22%3A%226757eaf6483f06e879f98922224824e75d3c9448%22%2C%22repoName%22%3A%22opsvantage-digital%2Fmarz-avatar-interface%22%2C%22actor%22%3A%22opsvantage-digital%22%2C%22slotName%22%3A%22production%22%2C%22commitMessage%22%3A%22%20Refined%20voice%20path%20%20publish%20profile%20login%22%7D" X-Client-IP="52.154.19.224" X-Client-Port="58304" >
  <step title="ZipPushDeploy" date="2025-10-19T01:41:25.532" >
    <step title="ZipDeploy. Extract zip." date="2025-10-19T01:41:25.560" /><!-- duration: 10ms -->
    <step title="Starting PushDeployAsync" date="2025-10-19T01:41:25.575" /><!-- duration: 2ms -->
    <step title="Writing artifact to /tmp/zipdeploy/a339b0f9-bfbd-461b-9687-c8534c3d0abc.zip" date="2025-10-19T01:41:25.590" >
      <step title="Writing multipart request body to /tmp/zipdeploy/a339b0f9-bfbd-461b-9687-c8534c3d0abc.zip" date="2025-10-19T01:41:25.601" /><!-- duration: 2ms -->
    </step><!-- duration: 444ms -->
    <step title="Start deployment in the background" date="2025-10-19T01:41:26.055" >
      <step title="Acquiring Deployment Lock" date="2025-10-19T01:41:26.073" /><!-- duration: 2ms -->
      <step title="Acquired Deployment Lock" date="2025-10-19T01:41:26.132" /><!-- duration: 2ms -->
    </step><!-- duration: 190ms -->
  </step><!-- duration: 715ms -->
  <step title="Outgoing response" date="2025-10-19T01:41:26.249" type="response" statusCode="202" statusText="Accepted" /><!-- duration: 1ms -->
</step><!-- duration: 741ms -->
