<step title="Incoming Request" date="2025-10-24T08:18:46.797" instance="c8fb3b" url="/api/zipdeploy?isAsync=true&amp;deployer=GITHUB_ZIP_DEPLOY&amp;message=%7B%22type%22%3A%22deployment%22%2C%22sha%22%3A%228165b2d572a1ecbfd3fb98cbf8d043d4839d893c%22%2C%22repoName%22%3A%22opsvantage-digital%2Fmarz-avatar-interface%22%2C%22actor%22%3A%22opsvantage-digital%22%2C%22slotName%22%3A%22production%22%2C%22commitMessage%22%3A%22chore(ci)%3A%20add%20ACR%20build%2Fpush%20workflow%3B%20add%20Dockerfile%20and%20.dockerignore%3B%20update%20runbook%22%7D" method="POST" type="request" pid="827,1,48" Host="sanctuary-portal.scm.azurewebsites.net" User-Agent="GITHUBACTIONS_DeployWebAppToAzure_bf4c71b5cd9aa1c94ef4a54f1c9bb6e95e8a6094c4209a1ecbcd493e852244de" Authorization="Bea..." Content-Type="application/octet-stream" Cookie="ARRAffinity=c8fb3b5a823bfbb2d788ddf199e5ecc35671bb8032d40fd8731abd02a1110dbd;Path=/;HttpOnly;Secure;Domain=sanctuary-portal.scm.azurewebsites.net; ARRAffinitySameSite=c8fb3b5a823bfbb2d788ddf199e5ecc35671bb8032d40fd8731abd02a1110dbd;Path=/;HttpOnly;SameSite=None;Secure;Domain=sanctuary-portal.scm.azurewebsites.net" Transfer-Encoding="chunked" X-ARR-LOG-ID="cb9e388e-a62a-4731-9b22-afa2097520c4" CLIENT-IP="20.168.109.193:45064" X-SITE-DEPLOYMENT-ID="sanctuary-portal" WAS-DEFAULT-HOSTNAME="sanctuary-portal.scm.azurewebsites.net" X-Forwarded-Proto="https" X-AppService-Proto="https" X-Forwarded-TlsVersion="1.3" X-WAWS-Unencoded-URL="/api/zipdeploy?isAsync=true&amp;deployer=GITHUB_ZIP_DEPLOY&amp;message=%7B%22type%22%3A%22deployment%22%2C%22sha%22%3A%228165b2d572a1ecbfd3fb98cbf8d043d4839d893c%22%2C%22repoName%22%3A%22opsvantage-digital%2Fmarz-avatar-interface%22%2C%22actor%22%3A%22opsvantage-digital%22%2C%22slotName%22%3A%22production%22%2C%22commitMessage%22%3A%22chore(ci)%3A%20add%20ACR%20build%2Fpush%20workflow%3B%20add%20Dockerfile%20and%20.dockerignore%3B%20update%20runbook%22%7D" X-Client-IP="20.168.109.193" X-Client-Port="45064" >
  <step title="Cleanup Xml Logs" date="2025-10-24T08:18:46.802" >
    <step title="Cleanup Infos" date="2025-10-24T08:18:46.813" totalFiles="360" totalCleanup="200" /><!-- duration: 3ms -->
  </step><!-- duration: 17ms -->
  <step title="ZipPushDeploy" date="2025-10-24T08:18:46.870" >
    <step title="ZipDeploy. Run from package." date="2025-10-24T08:18:46.889" /><!-- duration: 2ms -->
    <step title="Starting PushDeployAsync" date="2025-10-24T08:18:46.896" /><!-- duration: 2ms -->
    <step title="WEBSITE_RUN_FROM_PACKAGE is set to 1. Writing zip to SitePackagesPath" date="2025-10-24T08:18:46.917" /><!-- duration: 11ms -->
    <step title="Copying zip to SitePackages /home/data/SitePackages/20251024081846.zip from request body" date="2025-10-24T08:18:46.953" /><!-- duration: 3ms -->
    <step title="Writing multipart request body to /home/data/SitePackages/20251024081846.zip" date="2025-10-24T08:18:46.963" /><!-- duration: 11ms -->
    <step title="Start deployment in the background" date="2025-10-24T08:18:49.649" >
      <step title="Acquiring Deployment Lock" date="2025-10-24T08:18:49.761" /><!-- duration: 8ms -->
      <step title="Acquired Deployment Lock" date="2025-10-24T08:18:49.816" /><!-- duration: 2ms -->
    </step><!-- duration: 298ms -->
  </step><!-- duration: 3094ms -->
  <step title="Outgoing response" date="2025-10-24T08:18:49.981" type="response" statusCode="202" statusText="Accepted" /><!-- duration: 2ms -->
</step><!-- duration: 3188ms -->
