<step title="BackgroundTrace" date="2025-10-24T02:18:57.073" instance="c8fb3b" url="/api/zipdeploy" method="POST" >
  <step title="Cleanup Xml Logs" date="2025-10-24T02:18:57.075" >
    <step title="Cleanup Infos" date="2025-10-24T02:18:57.087" totalFiles="289" totalCleanup="129" /><!-- duration: 3ms -->
  </step><!-- duration: 18ms -->
  <step title="Creating temporary deployment - FetchDeploymentManager" date="2025-10-24T02:18:57.152" /><!-- duration: 2ms -->
  <step title="Creating temporary deployment" date="2025-10-24T02:18:57.158" /><!-- duration: 107ms -->
  <step title="Performing fetch based deployment" date="2025-10-24T02:18:57.294" >
    <step title="Cleaning up temp folders from previous zip deployments and extracting pushed zip file /tmp/zipdeploy/d3b3bcf6-7914-4f51-ba38-f503f92bdd10.zip (203.02 MB) to /tmp/zipdeploy/extracted" date="2025-10-24T02:18:58.855" >
      <step title="ChmodRecursive Process exited with total time taken in ms: 868" date="2025-10-24T02:19:27.136" /><!-- duration: 3ms -->
    </step><!-- duration: 28293ms -->
    <step title="Deployment timer started" date="2025-10-24T02:19:29.168" >
      <step title="DeploymentManager.Deploy(id:06f5eee9-b2b2-4478-b332-7d71d761a956)" date="2025-10-24T02:19:29.172" >
        <step title="Collecting changeset information" date="2025-10-24T02:19:29.202" /><!-- duration: 99ms -->
        <step title="Updating submodules" date="2025-10-24T02:19:29.303" /><!-- duration: 1107ms -->
        <step title="Determining deployment builder" date="2025-10-24T02:19:30.643" >
          <step title="Builder is BasicBuilder" date="2025-10-24T02:19:30.662" /><!-- duration: 2ms -->
        </step><!-- duration: 30ms -->
        <step title="PreDeployment: context.CleanOutputPath False" date="2025-10-24T02:19:30.747" >
          <step title="PreDeployment: context.OutputPath /home/site/wwwroot" date="2025-10-24T02:19:30.845" >
            <step title="Building" date="2025-10-24T02:19:30.975" >
              <step title="Executing external process" date="2025-10-24T02:19:31.480" type="process" path="starter.sh" arguments="/opt/Kudu/Scripts/absoluteTar.sh /tmp/zipdeploy/extracted/node_modules /tmp/zipdeploy/extracted/node_modules.tar.gz" >
                <step title="Cpu: gzip(1643,38.230s)+sh(1642,0.000s)+tar(1641,3.070s)+absoluteTar.sh(1640,0.030s)=total(41.330s)" date="2025-10-24T02:20:31.926" /><!-- duration: 10ms -->
                <step title="starter.sh: no io activity for 60s, prev-cpu=-1.000s, current-cpu=41.330s" date="2025-10-24T02:20:31.954" /><!-- duration: 2ms -->
                <step title="Cpu: gzip(1643,82.250s)+sh(1642,0.000s)+tar(1641,5.200s)+absoluteTar.sh(1640,0.030s)=total(87.470s)" date="2025-10-24T02:21:32.182" /><!-- duration: 17ms -->
                <step title="starter.sh: no io activity for 121s, prev-cpu=41.330s, current-cpu=87.470s" date="2025-10-24T02:21:32.218" /><!-- duration: 18ms -->
              </step><!-- duration: 135412ms -->
              <step title="Executing external process" date="2025-10-24T02:21:47.695" type="process" path="starter.sh" arguments="/opt/Kudu/Scripts/parallel_rsync.sh /tmp/zipdeploy/extracted /home/site/wwwroot 8 /tmp/ False True node_modules " /><!-- duration: 13642ms -->
              <step title="Triggering recycle (preview mode disabled)." date="2025-10-24T02:22:03.299" /><!-- duration: 27ms -->
              <step title="Modified file to trigger a restart of the app container." date="2025-10-24T02:22:03.394" /><!-- duration: 19ms -->
              <step title="Skip function trigger and logicapp sync because function is not enabled." date="2025-10-24T02:22:03.462" /><!-- duration: 38ms -->
              <step title="Purge deployment items" date="2025-10-24T02:22:05.215" >
                <step title="Remove 663f1261-, Success, received at 10/19/2025 01:44:14" date="2025-10-24T02:22:05.375" /><!-- duration: 9ms -->
              </step><!-- duration: 178ms -->
            </step><!-- duration: 154568ms -->
          </step><!-- duration: 154726ms -->
          <step title="Cleaning up temp files" date="2025-10-24T02:22:05.581" /><!-- duration: 50ms -->
          <step title="Cleaning up temp files" date="2025-10-24T02:22:05.655" /><!-- duration: 529ms -->
          <step title="Reloading status file with latest updates" date="2025-10-24T02:22:06.201" >
            <step title="WebHooksManager.PublishEventAsync: PostDeployment" date="2025-10-24T02:22:06.207" /><!-- duration: 53ms -->
          </step><!-- duration: 60ms -->
          <step title="Cleaning up temporary deployment - fetch deployment was successful" date="2025-10-24T02:22:06.264" /><!-- duration: 1ms -->
        </step><!-- duration: 155570ms -->
      </step><!-- duration: 157153ms -->
