<step title="BackgroundTrace" date="2025-10-24T16:10:50.324" instance="c8fb3b" url="/api/zipdeploy" method="POST" >
  <step title="Cleanup Xml Logs" date="2025-10-24T16:10:50.327" >
    <step title="Cleanup Infos" date="2025-10-24T16:10:50.375" totalFiles="401" totalCleanup="241" /><!-- duration: 9ms -->
  </step><!-- duration: 59ms -->
  <step title="Creating temporary deployment - FetchDeploymentManager" date="2025-10-24T16:10:50.475" /><!-- duration: 1ms -->
  <step title="Creating temporary deployment" date="2025-10-24T16:10:50.485" /><!-- duration: 116ms -->
  <step title="Performing fetch based deployment" date="2025-10-24T16:10:50.803" >
    <step title="Deployment timer started" date="2025-10-24T16:10:54.157" >
      <step title="DeploymentManager.Deploy(id:5a1a638e-f95f-46ac-a466-ff69be6b33dd)" date="2025-10-24T16:10:54.168" >
        <step title="Collecting changeset information" date="2025-10-24T16:10:54.208" /><!-- duration: 113ms -->
        <step title="Updating submodules" date="2025-10-24T16:10:54.325" /><!-- duration: 1138ms -->
        <step title="Determining deployment builder" date="2025-10-24T16:10:55.750" >
          <step title="Builder is RunFromZipSiteBuilder" date="2025-10-24T16:10:55.763" /><!-- duration: 2ms -->
        </step><!-- duration: 32ms -->
        <step title="PreDeployment: context.CleanOutputPath False" date="2025-10-24T16:10:55.870" >
          <step title="PreDeployment: context.OutputPath /home/site/wwwroot" date="2025-10-24T16:10:56.097" >
            <step title="Building" date="2025-10-24T16:10:56.350" >
              <step title="Triggering recycle (preview mode disabled)." date="2025-10-24T16:10:56.928" /><!-- duration: 18ms -->
              <step title="Modified file to trigger a restart of the app container." date="2025-10-24T16:10:57.001" /><!-- duration: 2ms -->
              <step title="Skip function trigger and logicapp sync because function is not enabled." date="2025-10-24T16:10:57.026" /><!-- duration: 2ms -->
              <step title="Purge deployment items" date="2025-10-24T16:10:58.431" >
                <step title="Remove 4d50350e-, Success, received at 10/24/2025 02:56:47" date="2025-10-24T16:10:58.511" /><!-- duration: 8ms -->
              </step><!-- duration: 92ms -->
            </step><!-- duration: 2254ms -->
          </step><!-- duration: 2510ms -->
          <step title="Cleaning up temp files" date="2025-10-24T16:10:58.609" /><!-- duration: 20ms -->
          <step title="Cleaning up temp files" date="2025-10-24T16:10:58.642" /><!-- duration: 557ms -->
          <step title="Reloading status file with latest updates" date="2025-10-24T16:10:59.513" >
            <step title="WebHooksManager.PublishEventAsync: PostDeployment" date="2025-10-24T16:10:59.516" /><!-- duration: 56ms -->
          </step><!-- duration: 60ms -->
          <step title="Cleaning up temporary deployment - fetch deployment was successful" date="2025-10-24T16:10:59.577" /><!-- duration: 5ms -->
        </step><!-- duration: 3779ms -->
      </step><!-- duration: 5503ms -->
