<step title="BackgroundTrace" date="2025-10-24T14:11:05.860" instance="c8fb3b" url="/api/zipdeploy" method="POST" >
  <step title="Cleanup Xml Logs" date="2025-10-24T14:11:05.863" >
    <step title="Cleanup Infos" date="2025-10-24T14:11:05.874" totalFiles="396" totalCleanup="236" /><!-- duration: 6ms -->
  </step><!-- duration: 24ms -->
  <step title="Creating temporary deployment - FetchDeploymentManager" date="2025-10-24T14:11:05.954" /><!-- duration: 2ms -->
  <step title="Creating temporary deployment" date="2025-10-24T14:11:05.960" /><!-- duration: 84ms -->
  <step title="Performing fetch based deployment" date="2025-10-24T14:11:06.095" >
    <step title="Deployment timer started" date="2025-10-24T14:11:09.525" >
      <step title="DeploymentManager.Deploy(id:be00f682-72f1-498d-93bf-b4d15e3bf657)" date="2025-10-24T14:11:09.537" >
        <step title="Collecting changeset information" date="2025-10-24T14:11:09.570" /><!-- duration: 119ms -->
        <step title="Updating submodules" date="2025-10-24T14:11:09.700" /><!-- duration: 1188ms -->
        <step title="Determining deployment builder" date="2025-10-24T14:11:11.321" >
          <step title="Builder is RunFromZipSiteBuilder" date="2025-10-24T14:11:11.388" /><!-- duration: 32ms -->
        </step><!-- duration: 145ms -->
        <step title="PreDeployment: context.CleanOutputPath False" date="2025-10-24T14:11:11.631" >
          <step title="PreDeployment: context.OutputPath /home/site/wwwroot" date="2025-10-24T14:11:11.927" >
            <step title="Building" date="2025-10-24T14:11:12.224" >
              <step title="Triggering recycle (preview mode disabled)." date="2025-10-24T14:11:13.031" /><!-- duration: 20ms -->
              <step title="Modified file to trigger a restart of the app container." date="2025-10-24T14:11:13.137" /><!-- duration: 8ms -->
              <step title="Skip function trigger and logicapp sync because function is not enabled." date="2025-10-24T14:11:13.160" /><!-- duration: 37ms -->
              <step title="Purge deployment items" date="2025-10-24T14:11:14.859" >
                <step title="Remove 7f23815a-, Success, received at 10/24/2025 02:48:01" date="2025-10-24T14:11:14.924" /><!-- duration: 13ms -->
              </step><!-- duration: 82ms -->
            </step><!-- duration: 2817ms -->
          </step><!-- duration: 3117ms -->
          <step title="Cleaning up temp files" date="2025-10-24T14:11:15.047" /><!-- duration: 26ms -->
          <step title="Cleaning up temp files" date="2025-10-24T14:11:15.093" /><!-- duration: 544ms -->
          <step title="Reloading status file with latest updates" date="2025-10-24T14:11:15.703" >
            <step title="WebHooksManager.PublishEventAsync: PostDeployment" date="2025-10-24T14:11:15.706" /><!-- duration: 47ms -->
          </step><!-- duration: 51ms -->
          <step title="Cleaning up temporary deployment - fetch deployment was successful" date="2025-10-24T14:11:15.758" /><!-- duration: 1ms -->
        </step><!-- duration: 4197ms -->
      </step><!-- duration: 6299ms -->
