<step title="Incoming Request" date="2025-10-24T02:43:30.187" instance="c8fb3b" url="/api/zipdeploy?isAsync=true&amp;deployer=GITHUB_ZIP_DEPLOY&amp;message=%7B%22type%22%3A%22deployment%22%2C%22sha%22%3A%22e1729c9fc64dd677bd385887e26469fe7a51179d%22%2C%22repoName%22%3A%22opsvantage-digital%2Fmarz-avatar-interface%22%2C%22actor%22%3A%22opsvantage-digital%22%2C%22slotName%22%3A%22production%22%2C%22commitMessage%22%3A%22feat(deploy)%3A%20use%20Next.js%20standalone%20build%20on%20App%20Service%2C%20health%20check%20to%20%2Fapi%2Fhealth%22%7D" method="POST" type="request" pid="823,1,5" Host="sanctuary-portal.scm.azurewebsites.net" User-Agent="GITHUBACTIONS_DeployWebAppToAzure_bf4c71b5cd9aa1c94ef4a54f1c9bb6e95e8a6094c4209a1ecbcd493e852244de" Authorization="Bea..." Content-Type="application/octet-stream" Cookie="ARRAffinity=c8fb3b5a823bfbb2d788ddf199e5ecc35671bb8032d40fd8731abd02a1110dbd;Path=/;HttpOnly;Secure;Domain=sanctuary-portal.scm.azurewebsites.net; ARRAffinitySameSite=c8fb3b5a823bfbb2d788ddf199e5ecc35671bb8032d40fd8731abd02a1110dbd;Path=/;HttpOnly;SameSite=None;Secure;Domain=sanctuary-portal.scm.azurewebsites.net" Transfer-Encoding="chunked" X-ARR-LOG-ID="64fad4b5-781e-44a2-80e6-283fae98efb8" CLIENT-IP="52.159.247.177:28680" X-SITE-DEPLOYMENT-ID="sanctuary-portal" WAS-DEFAULT-HOSTNAME="sanctuary-portal.scm.azurewebsites.net" X-Forwarded-Proto="https" X-AppService-Proto="https" X-Forwarded-TlsVersion="1.3" X-WAWS-Unencoded-URL="/api/zipdeploy?isAsync=true&amp;deployer=GITHUB_ZIP_DEPLOY&amp;message=%7B%22type%22%3A%22deployment%22%2C%22sha%22%3A%22e1729c9fc64dd677bd385887e26469fe7a51179d%22%2C%22repoName%22%3A%22opsvantage-digital%2Fmarz-avatar-interface%22%2C%22actor%22%3A%22opsvantage-digital%22%2C%22slotName%22%3A%22production%22%2C%22commitMessage%22%3A%22feat(deploy)%3A%20use%20Next.js%20standalone%20build%20on%20App%20Service%2C%20health%20check%20to%20%2Fapi%2Fhealth%22%7D" X-Client-IP="52.159.247.177" X-Client-Port="28680" >
  <step title="Cleanup Xml Logs" date="2025-10-24T02:43:30.189" >
    <step title="Cleanup Infos" date="2025-10-24T02:43:30.197" totalFiles="323" totalCleanup="163" /><!-- duration: 2ms -->
  </step><!-- duration: 12ms -->
  <step title="ZipPushDeploy" date="2025-10-24T02:43:30.238" >
    <step title="ZipDeploy. Extract zip." date="2025-10-24T02:43:30.250" /><!-- duration: 1ms -->
    <step title="Starting PushDeployAsync" date="2025-10-24T02:43:30.254" /><!-- duration: 4ms -->
    <step title="Removing node_modules symlink" date="2025-10-24T02:43:30.279" >
      <step title="Writing artifact to /tmp/zipdeploy/e4b14dfe-883f-46a6-afd3-5b3fa832a681.zip" date="2025-10-24T02:43:30.449" >
        <step title="Writing multipart request body to /tmp/zipdeploy/e4b14dfe-883f-46a6-afd3-5b3fa832a681.zip" date="2025-10-24T02:43:30.458" /><!-- duration: 8ms -->
      </step><!-- duration: 1942ms -->
      <step title="Removing previous build artifact&apos;s manifest file" date="2025-10-24T02:43:32.396" >
        <step title="Start deployment in the background" date="2025-10-24T02:43:32.414" >
          <step title="Acquiring Deployment Lock" date="2025-10-24T02:43:32.461" /><!-- duration: 9ms -->
          <step title="Acquired Deployment Lock" date="2025-10-24T02:43:32.533" /><!-- duration: 2ms -->
        </step><!-- duration: 220ms -->
      </step><!-- duration: 248ms -->
      <step title="Outgoing response" date="2025-10-24T02:43:32.647" type="response" statusCode="202" statusText="Accepted" /><!-- duration: 2ms -->
    </step><!-- duration: 2373ms -->
