<step title="BackgroundTrace" date="2025-10-19T01:53:41.580" instance="c8fb3b" url="/api/zipdeploy" method="POST" >
  <step title="Cleanup Xml Logs" date="2025-10-19T01:53:41.583" /><!-- duration: 8ms -->
  <step title="Creating temporary deployment - FetchDeploymentManager" date="2025-10-19T01:53:41.639" /><!-- duration: 2ms -->
  <step title="Creating temporary deployment" date="2025-10-19T01:53:41.643" /><!-- duration: 55ms -->
  <step title="Performing fetch based deployment" date="2025-10-19T01:53:41.758" >
    <step title="Cleaning up temp folders from previous zip deployments and extracting pushed zip file /tmp/zipdeploy/78656bac-40c5-4f87-82c1-2784a75f1022.zip (157.37 MB) to /tmp/zipdeploy/extracted" date="2025-10-19T01:53:42.906" >
      <step title="ChmodRecursive Process exited with total time taken in ms: 596" date="2025-10-19T01:54:01.951" /><!-- duration: 9ms -->
    </step><!-- duration: 19057ms -->
    <step title="Deployment timer started" date="2025-10-19T01:54:04.022" >
      <step title="DeploymentManager.Deploy(id:d5966241-32f8-4c3b-b838-493db13264b4)" date="2025-10-19T01:54:04.031" >
        <step title="Collecting changeset information" date="2025-10-19T01:54:04.091" /><!-- duration: 246ms -->
        <step title="Updating submodules" date="2025-10-19T01:54:04.340" /><!-- duration: 1214ms -->
        <step title="Determining deployment builder" date="2025-10-19T01:54:05.775" >
          <step title="Builder is BasicBuilder" date="2025-10-19T01:54:05.785" /><!-- duration: 9ms -->
        </step><!-- duration: 31ms -->
        <step title="PreDeployment: context.CleanOutputPath False" date="2025-10-19T01:54:05.861" >
          <step title="PreDeployment: context.OutputPath /home/site/wwwroot" date="2025-10-19T01:54:05.983" >
            <step title="Building" date="2025-10-19T01:54:06.120" >
              <step title="Executing external process" date="2025-10-19T01:54:06.655" type="process" path="starter.sh" arguments="/opt/Kudu/Scripts/absoluteTar.sh /tmp/zipdeploy/extracted/node_modules /tmp/zipdeploy/extracted/node_modules.tar.gz" >
                <step title="Cpu: gzip(1997,36.190s)+sh(1996,0.000s)+tar(1995,2.340s)+absoluteTar.sh(1994,0.000s)=total(38.510s)" date="2025-10-19T01:55:07.599" /><!-- duration: 3ms -->
                <step title="starter.sh: no io activity for 60s, prev-cpu=-1.000s, current-cpu=38.510s" date="2025-10-19T01:55:07.658" /><!-- duration: 20ms -->
                <step title="Cpu: gzip(1997,78.420s)+sh(1996,0.000s)+tar(1995,3.670s)+absoluteTar.sh(1994,0.000s)=total(82.090s)" date="2025-10-19T01:56:07.997" /><!-- duration: 28ms -->
                <step title="starter.sh: no io activity for 121s, prev-cpu=38.510s, current-cpu=82.090s" date="2025-10-19T01:56:08.046" /><!-- duration: 16ms -->
              </step><!-- duration: 135720ms -->
              <step title="Executing external process" date="2025-10-19T01:56:22.618" type="process" path="starter.sh" arguments="/opt/Kudu/Scripts/parallel_rsync.sh /tmp/zipdeploy/extracted /home/site/wwwroot 8 /tmp/ False True node_modules " /><!-- duration: 11119ms -->
              <step title="Triggering recycle (preview mode disabled)." date="2025-10-19T01:56:34.942" /><!-- duration: 9ms -->
              <step title="Modified file to trigger a restart of the app container." date="2025-10-19T01:56:34.982" /><!-- duration: 1ms -->
              <step title="Skip function trigger and logicapp sync because function is not enabled." date="2025-10-19T01:56:34.999" /><!-- duration: 10ms -->
            </step><!-- duration: 149850ms -->
          </step><!-- duration: 149993ms -->
          <step title="Cleaning up temp files" date="2025-10-19T01:56:35.977" /><!-- duration: 2ms -->
          <step title="Cleaning up temp files" date="2025-10-19T01:56:35.986" /><!-- duration: 510ms -->
          <step title="Reloading status file with latest updates" date="2025-10-19T01:56:36.516" >
            <step title="WebHooksManager.PublishEventAsync: PostDeployment" date="2025-10-19T01:56:36.519" /><!-- duration: 39ms -->
          </step><!-- duration: 43ms -->
          <step title="Cleaning up temporary deployment - fetch deployment was successful" date="2025-10-19T01:56:36.563" /><!-- duration: 2ms -->
        </step><!-- duration: 150767ms -->
      </step><!-- duration: 152607ms -->
