<step title="Incoming Request" date="2025-10-24T02:21:24.810" instance="c8fb3b" url="/api/deployments/latest?deployer=GITHUB_ZIP_DEPLOY&amp;time=2025-10-24_02-18-57Z" method="GET" type="request" pid="823,1,21" Host="sanctuary-portal.scm.azurewebsites.net" User-Agent="GITHUBACTIONS_DeployWebAppToAzure_bf4c71b5cd9aa1c94ef4a54f1c9bb6e95e8a6094c4209a1ecbcd493e852244de" Authorization="Bea..." Content-Type="application/json; charset=utf-8" Cookie="ARRAffinity=c8fb3b5a823bfbb2d788ddf199e5ecc35671bb8032d40fd8731abd02a1110dbd;Path=/;HttpOnly;Secure;Domain=sanctuary-portal.scm.azurewebsites.net; ARRAffinitySameSite=c8fb3b5a823bfbb2d788ddf199e5ecc35671bb8032d40fd8731abd02a1110dbd;Path=/;HttpOnly;SameSite=None;Secure;Domain=sanctuary-portal.scm.azurewebsites.net" Content-Length="0" X-ARR-LOG-ID="f04438b2-ec16-436e-bfec-f0b23a12ade2" CLIENT-IP="132.196.32.65:36873" X-SITE-DEPLOYMENT-ID="sanctuary-portal" WAS-DEFAULT-HOSTNAME="sanctuary-portal.scm.azurewebsites.net" X-Forwarded-Proto="https" X-AppService-Proto="https" X-Forwarded-TlsVersion="1.3" X-WAWS-Unencoded-URL="/api/deployments/latest?deployer=GITHUB_ZIP_DEPLOY&amp;time=2025-10-24_02-18-57Z" X-Client-IP="132.196.32.65" X-Client-Port="36873" >
  <step title="Cleanup Xml Logs" date="2025-10-24T02:21:24.811" >
    <step title="Cleanup Infos" date="2025-10-24T02:21:24.861" totalFiles="311" totalCleanup="151" /><!-- duration: 19ms -->
  </step><!-- duration: 92ms -->
  <step title="DeploymentService.GetResult" date="2025-10-24T02:21:24.961" >
    <step title="DeploymentService.GetLatestDeployment" date="2025-10-24T02:21:24.971" >
      <step title="DeploymentManager.GetResults" date="2025-10-24T02:21:24.974" /><!-- duration: 1012ms -->
    </step><!-- duration: 1024ms -->
  </step><!-- duration: 1043ms -->
  <step title="Outgoing response" date="2025-10-24T02:21:26.014" type="response" statusCode="202" statusText="Accepted" /><!-- duration: 10ms -->
</step><!-- duration: 1223ms -->
