<step title="BackgroundTrace" date="2025-10-31T09:02:40.568" instance="1ee237" url="/api/zipdeploy" method="POST" >
  <step title="Creating temporary deployment - FetchDeploymentManager" date="2025-10-31T09:02:40.692" /><!-- duration: 3ms -->
  <step title="Creating temporary deployment" date="2025-10-31T09:02:40.702" /><!-- duration: 81ms -->
  <step title="Performing fetch based deployment" date="2025-10-31T09:02:40.854" >
    <step title="Deployment timer started" date="2025-10-31T09:02:44.095" >
      <step title="DeploymentManager.Deploy(id:9a34e020-2226-4f3d-b8f7-9e85b7a4ad55)" date="2025-10-31T09:02:44.105" >
        <step title="Collecting changeset information" date="2025-10-31T09:02:44.169" /><!-- duration: 115ms -->
        <step title="Updating submodules" date="2025-10-31T09:02:44.291" /><!-- duration: 1164ms -->
        <step title="Determining deployment builder" date="2025-10-31T09:02:45.727" >
          <step title="Builder is RunFromZipSiteBuilder" date="2025-10-31T09:02:45.756" /><!-- duration: 5ms -->
        </step><!-- duration: 39ms -->
        <step title="PreDeployment: context.CleanOutputPath False" date="2025-10-31T09:02:45.838" >
          <step title="PreDeployment: context.OutputPath /home/site/wwwroot" date="2025-10-31T09:02:45.990" >
            <step title="Building" date="2025-10-31T09:02:46.154" >
              <step title="Triggering recycle (preview mode disabled)." date="2025-10-31T09:02:46.612" /><!-- duration: 13ms -->
              <step title="Modified file to trigger a restart of the app container." date="2025-10-31T09:02:46.658" /><!-- duration: 5ms -->
              <step title="Skip function trigger and logicapp sync because function is not enabled." date="2025-10-31T09:02:46.671" /><!-- duration: 12ms -->
              <step title="Purge deployment items" date="2025-10-31T09:02:48.037" >
                <step title="Remove e5ce592c-, Success, received at 10/24/2025 09:23:52" date="2025-10-31T09:02:48.112" /><!-- duration: 4ms -->
              </step><!-- duration: 84ms -->
            </step><!-- duration: 2059ms -->
          </step><!-- duration: 2242ms -->
          <step title="Cleaning up temp files" date="2025-10-31T09:02:48.237" /><!-- duration: 6ms -->
          <step title="Cleaning up temp files" date="2025-10-31T09:02:48.263" /><!-- duration: 540ms -->
          <step title="Reloading status file with latest updates" date="2025-10-31T09:02:48.853" >
            <step title="WebHooksManager.PublishEventAsync: PostDeployment" date="2025-10-31T09:02:48.862" /><!-- duration: 91ms -->
          </step><!-- duration: 105ms -->
          <step title="Cleaning up temporary deployment - fetch deployment was successful" date="2025-10-31T09:02:48.966" /><!-- duration: 4ms -->
        </step><!-- duration: 3223ms -->
      </step><!-- duration: 4986ms -->
