<step title="Incoming Request" date="2025-10-19T01:25:33.367" instance="c8fb3b" url="/api/zipdeploy?isAsync=true&amp;deployer=GITHUB_ZIP_DEPLOY&amp;message=%7B%22type%22%3A%22deployment%22%2C%22sha%22%3A%2200036af77e4d429bdf63e821d55ad05d40c399f7%22%2C%22repoName%22%3A%22opsvantage-digital%2Fmarz-avatar-interface%22%2C%22actor%22%3A%22opsvantage-digital%22%2C%22slotName%22%3A%22production%22%2C%22commitMessage%22%3A%22infra%3A%20fix%20plan%20SKU%20tier%3B%20app%20settings%20for%20NEXT_PUBLIC_*%3B%20chore%3A%20ignore%20installer%20artifacts%3B%20pkg%3A%20remove%20unused%20bin%2Ffiles%22%7D" method="POST" type="request" pid="823,1,35" Host="sanctuary-portal.scm.azurewebsites.net" User-Agent="GITHUBACTIONS_DeployWebAppToAzure_bf4c71b5cd9aa1c94ef4a54f1c9bb6e95e8a6094c4209a1ecbcd493e852244de" Authorization="Bas..." Content-Type="application/octet-stream" Cookie="ARRAffinity=c8fb3b5a823bfbb2d788ddf199e5ecc35671bb8032d40fd8731abd02a1110dbd;Path=/;HttpOnly;Secure;Domain=sanctuary-portal.scm.azurewebsites.net; ARRAffinitySameSite=c8fb3b5a823bfbb2d788ddf199e5ecc35671bb8032d40fd8731abd02a1110dbd;Path=/;HttpOnly;SameSite=None;Secure;Domain=sanctuary-portal.scm.azurewebsites.net" Transfer-Encoding="chunked" X-ARR-LOG-ID="2cebd319-a34c-4eed-96f9-64779503d506" CLIENT-IP="172.184.211.113:38912" X-SITE-DEPLOYMENT-ID="sanctuary-portal" WAS-DEFAULT-HOSTNAME="sanctuary-portal.scm.azurewebsites.net" X-Forwarded-Proto="https" X-AppService-Proto="https" X-Forwarded-TlsVersion="1.3" X-WAWS-Unencoded-URL="/api/zipdeploy?isAsync=true&amp;deployer=GITHUB_ZIP_DEPLOY&amp;message=%7B%22type%22%3A%22deployment%22%2C%22sha%22%3A%2200036af77e4d429bdf63e821d55ad05d40c399f7%22%2C%22repoName%22%3A%22opsvantage-digital%2Fmarz-avatar-interface%22%2C%22actor%22%3A%22opsvantage-digital%22%2C%22slotName%22%3A%22production%22%2C%22commitMessage%22%3A%22infra%3A%20fix%20plan%20SKU%20tier%3B%20app%20settings%20for%20NEXT_PUBLIC_*%3B%20chore%3A%20ignore%20installer%20artifacts%3B%20pkg%3A%20remove%20unused%20bin%2Ffiles%22%7D" X-Client-IP="172.184.211.113" X-Client-Port="38912" >
  <step title="ZipPushDeploy" date="2025-10-19T01:25:33.465" >
    <step title="ZipDeploy. Extract zip." date="2025-10-19T01:25:33.473" /><!-- duration: 2ms -->
    <step title="Starting PushDeployAsync" date="2025-10-19T01:25:33.483" /><!-- duration: 3ms -->
    <step title="Writing artifact to /tmp/zipdeploy/7cd87525-7bf9-4da3-b4cc-6b29946525ff.zip" date="2025-10-19T01:25:33.509" >
      <step title="Writing multipart request body to /tmp/zipdeploy/7cd87525-7bf9-4da3-b4cc-6b29946525ff.zip" date="2025-10-19T01:25:33.533" /><!-- duration: 12ms -->
    </step><!-- duration: 217ms -->
    <step title="Start deployment in the background" date="2025-10-19T01:25:33.799" >
      <step title="Acquiring Deployment Lock" date="2025-10-19T01:25:33.840" /><!-- duration: 26ms -->
      <step title="Acquired Deployment Lock" date="2025-10-19T01:25:33.922" /><!-- duration: 17ms -->
    </step><!-- duration: 298ms -->
  </step><!-- duration: 651ms -->
  <step title="Outgoing response" date="2025-10-19T01:25:34.127" type="response" statusCode="202" statusText="Accepted" /><!-- duration: 12ms -->
</step><!-- duration: 781ms -->
