<step title="Incoming Request" date="2025-10-24T10:49:57.624" instance="c8fb3b" url="/api/zipdeploy?isAsync=true&amp;deployer=GITHUB_ZIP_DEPLOY&amp;message=%7B%22type%22%3A%22deployment%22%2C%22sha%22%3A%22b965bdd085d0e42b65ee1e981452629680388b8a%22%2C%22repoName%22%3A%22opsvantage-digital%2Fmarz-avatar-interface%22%2C%22actor%22%3A%22opsvantage-digital%22%2C%22slotName%22%3A%22production%22%2C%22commitMessage%22%3A%22fix(acr-deploy)%3A%20ensure%20AcrPull%20role%20assignment%20with%20propagation%20delay%22%7D" method="POST" type="request" pid="827,1,39" Host="sanctuary-portal.scm.azurewebsites.net" User-Agent="GITHUBACTIONS_DeployWebAppToAzure_bf4c71b5cd9aa1c94ef4a54f1c9bb6e95e8a6094c4209a1ecbcd493e852244de" Authorization="Bea..." Content-Type="application/octet-stream" Cookie="ARRAffinity=c8fb3b5a823bfbb2d788ddf199e5ecc35671bb8032d40fd8731abd02a1110dbd;Path=/;HttpOnly;Secure;Domain=sanctuary-portal.scm.azurewebsites.net; ARRAffinitySameSite=c8fb3b5a823bfbb2d788ddf199e5ecc35671bb8032d40fd8731abd02a1110dbd;Path=/;HttpOnly;SameSite=None;Secure;Domain=sanctuary-portal.scm.azurewebsites.net" Transfer-Encoding="chunked" X-ARR-LOG-ID="64e2b320-63c7-41a5-b8fb-494a3a955195" CLIENT-IP="20.109.38.240:5056" X-SITE-DEPLOYMENT-ID="sanctuary-portal" WAS-DEFAULT-HOSTNAME="sanctuary-portal.scm.azurewebsites.net" X-Forwarded-Proto="https" X-AppService-Proto="https" X-Forwarded-TlsVersion="1.3" X-WAWS-Unencoded-URL="/api/zipdeploy?isAsync=true&amp;deployer=GITHUB_ZIP_DEPLOY&amp;message=%7B%22type%22%3A%22deployment%22%2C%22sha%22%3A%22b965bdd085d0e42b65ee1e981452629680388b8a%22%2C%22repoName%22%3A%22opsvantage-digital%2Fmarz-avatar-interface%22%2C%22actor%22%3A%22opsvantage-digital%22%2C%22slotName%22%3A%22production%22%2C%22commitMessage%22%3A%22fix(acr-deploy)%3A%20ensure%20AcrPull%20role%20assignment%20with%20propagation%20delay%22%7D" X-Client-IP="20.109.38.240" X-Client-Port="5056" >
  <step title="Cleanup Xml Logs" date="2025-10-24T10:49:57.631" >
    <step title="Cleanup Infos" date="2025-10-24T10:49:57.695" totalFiles="385" totalCleanup="225" /><!-- duration: 7ms -->
  </step><!-- duration: 75ms -->
  <step title="ZipPushDeploy" date="2025-10-24T10:49:57.746" >
    <step title="ZipDeploy. Run from package." date="2025-10-24T10:49:57.759" /><!-- duration: 1ms -->
    <step title="Starting PushDeployAsync" date="2025-10-24T10:49:57.767" /><!-- duration: 2ms -->
    <step title="WEBSITE_RUN_FROM_PACKAGE is set to 1. Writing zip to SitePackagesPath" date="2025-10-24T10:49:57.777" /><!-- duration: 8ms -->
    <step title="Copying zip to SitePackages /home/data/SitePackages/20251024104957.zip from request body" date="2025-10-24T10:49:57.802" /><!-- duration: 52ms -->
    <step title="Writing multipart request body to /home/data/SitePackages/20251024104957.zip" date="2025-10-24T10:49:57.873" /><!-- duration: 2ms -->
    <step title="Deleting outdated zip file /home/data/SitePackages/20251024081846.zip" date="2025-10-24T10:50:01.488" /><!-- duration: 15ms -->
    <step title="Start deployment in the background" date="2025-10-24T10:50:01.516" >
      <step title="Acquiring Deployment Lock" date="2025-10-24T10:50:01.592" /><!-- duration: 9ms -->
      <step title="Acquired Deployment Lock" date="2025-10-24T10:50:01.733" /><!-- duration: 8ms -->
    </step><!-- duration: 589ms -->
  </step><!-- duration: 4389ms -->
  <step title="Outgoing response" date="2025-10-24T10:50:02.154" type="response" statusCode="202" statusText="Accepted" /><!-- duration: 29ms -->
</step><!-- duration: 4561ms -->
