<step title="Incoming Request" date="2025-10-31T06:40:21.684" instance="c8fb3b" url="/api/deployments/latest" method="GET" type="request" pid="827,1,69" Accept="*/*" Host="sanctuary-portal.scm.azurewebsites.net" User-Agent="AZURECLI/2.77.0 (MSI)" Accept-Encoding="gzip, deflate" Authorization="Bas..." x-ms-client-request-id="72dbf520-b624-11f0-8ec2-145afc07e81c" X-ARR-LOG-ID="72dbf520-b624-11f0-8ec2-145afc07e81c" CLIENT-IP="203.211.76.36:43883" X-SITE-DEPLOYMENT-ID="sanctuary-portal" WAS-DEFAULT-HOSTNAME="sanctuary-portal.scm.azurewebsites.net" X-Forwarded-Proto="https" X-AppService-Proto="https" X-Forwarded-TlsVersion="1.3" X-WAWS-Unencoded-URL="/api/deployments/latest" X-Client-IP="203.211.76.36" X-Client-Port="43883" >
  <step title="Cleanup Xml Logs" date="2025-10-31T06:40:21.695" >
    <step title="Cleanup Infos" date="2025-10-31T06:40:21.751" totalFiles="406" totalCleanup="246" /><!-- duration: 12ms -->
  </step><!-- duration: 70ms -->
  <step title="DeploymentService.GetResult" date="2025-10-31T06:40:21.849" >
    <step title="DeploymentService.GetLatestDeployment" date="2025-10-31T06:40:21.852" >
      <step title="DeploymentManager.GetResults" date="2025-10-31T06:40:21.861" /><!-- duration: 1191ms -->
    </step><!-- duration: 1214ms -->
  </step><!-- duration: 1220ms -->
  <step title="Outgoing response" date="2025-10-31T06:40:23.119" type="response" statusCode="202" statusText="Accepted" /><!-- duration: 14ms -->
</step><!-- duration: 1451ms -->
