<step title="Incoming Request" date="2025-10-24T01:27:27.089" instance="c8fb3b" url="/api/deployments/latest?deployer=GITHUB_ZIP_DEPLOY&amp;time=2025-10-24_01-24-31Z" method="GET" type="request" pid="823,1,25" Host="sanctuary-portal.scm.azurewebsites.net" User-Agent="GITHUBACTIONS_DeployWebAppToAzure_bf4c71b5cd9aa1c94ef4a54f1c9bb6e95e8a6094c4209a1ecbcd493e852244de" Authorization="Bea..." Content-Type="application/json; charset=utf-8" Cookie="ARRAffinity=c8fb3b5a823bfbb2d788ddf199e5ecc35671bb8032d40fd8731abd02a1110dbd;Path=/;HttpOnly;Secure;Domain=sanctuary-portal.scm.azurewebsites.net; ARRAffinitySameSite=c8fb3b5a823bfbb2d788ddf199e5ecc35671bb8032d40fd8731abd02a1110dbd;Path=/;HttpOnly;SameSite=None;Secure;Domain=sanctuary-portal.scm.azurewebsites.net" Content-Length="0" X-ARR-LOG-ID="1cc7db99-9def-495f-b069-62dad7c45cd0" CLIENT-IP="40.116.73.182:30720" X-SITE-DEPLOYMENT-ID="sanctuary-portal" WAS-DEFAULT-HOSTNAME="sanctuary-portal.scm.azurewebsites.net" X-Forwarded-Proto="https" X-AppService-Proto="https" X-Forwarded-TlsVersion="1.3" X-WAWS-Unencoded-URL="/api/deployments/latest?deployer=GITHUB_ZIP_DEPLOY&amp;time=2025-10-24_01-24-31Z" X-Client-IP="40.116.73.182" X-Client-Port="30720" >
  <step title="Cleanup Xml Logs" date="2025-10-24T01:27:27.097" >
    <step title="Cleanup Infos" date="2025-10-24T01:27:27.181" totalFiles="207" totalCleanup="47" /><!-- duration: 20ms -->
  </step><!-- duration: 124ms -->
  <step title="DeploymentService.GetResult" date="2025-10-24T01:27:27.248" >
    <step title="DeploymentService.GetLatestDeployment" date="2025-10-24T01:27:27.257" >
      <step title="DeploymentManager.GetResults" date="2025-10-24T01:27:27.259" /><!-- duration: 1919ms -->
    </step><!-- duration: 1975ms -->
  </step><!-- duration: 2041ms -->
  <step title="Outgoing response" date="2025-10-24T01:27:29.307" type="response" statusCode="202" statusText="Accepted" /><!-- duration: 37ms -->
</step><!-- duration: 2257ms -->
