﻿<?xml version="1.0" encoding="utf-8"?>
<deployment>
  <id>85b0a81e-4362-437f-9176-2d06a131a095</id>
  <author>N/A</author>
  <deployer>OneDeploy</deployer>
  <authorEmail>N/A</authorEmail>
  <message>OneDeploy</message>
  <progress></progress>
  <status>Success</status>
  <statusText></statusText>
  <lastSuccessEndTime>2025-11-10T15:58:51.7828604Z</lastSuccessEndTime>
  <receivedTime>2025-11-10T15:58:48.4200716Z</receivedTime>
  <startTime>2025-11-10T15:58:50.1276714Z</startTime>
  <endTime>2025-11-10T15:58:51.7828604Z</endTime>
  <complete>True</complete>
  <is_temp>False</is_temp>
  <is_readonly>True</is_readonly>
  <buildSummary />
</deployment>