﻿<?xml version="1.0" encoding="utf-8"?>
<deployment>
  <id>db4b87fe-d6e3-4639-b65d-8957279294a5</id>
  <author>N/A</author>
  <deployer>OneDeploy</deployer>
  <authorEmail>N/A</authorEmail>
  <message>OneDeploy</message>
  <progress></progress>
  <status>Success</status>
  <statusText></statusText>
  <lastSuccessEndTime>2025-11-04T10:53:45.5916018Z</lastSuccessEndTime>
  <receivedTime>2025-11-04T10:53:42.6681899Z</receivedTime>
  <startTime>2025-11-04T10:53:44.0803601Z</startTime>
  <endTime>2025-11-04T10:53:45.5916018Z</endTime>
  <complete>True</complete>
  <is_temp>False</is_temp>
  <is_readonly>True</is_readonly>
  <buildSummary />
</deployment>