﻿<?xml version="1.0" encoding="utf-8"?>
<deployment>
  <id>f27ae1c1-9de6-4067-a593-1ff130601192</id>
  <author>N/A</author>
  <deployer>OneDeploy</deployer>
  <authorEmail>N/A</authorEmail>
  <message>OneDeploy</message>
  <progress></progress>
  <status>Success</status>
  <statusText></statusText>
  <lastSuccessEndTime>2025-11-10T14:54:47.1591197Z</lastSuccessEndTime>
  <receivedTime>2025-11-10T14:54:44.2501422Z</receivedTime>
  <startTime>2025-11-10T14:54:45.7329064Z</startTime>
  <endTime>2025-11-10T14:54:47.1591197Z</endTime>
  <complete>True</complete>
  <is_temp>False</is_temp>
  <is_readonly>True</is_readonly>
  <buildSummary />
</deployment>