﻿<?xml version="1.0" encoding="utf-8"?>
<deployment>
  <id>aca95929-27e7-4741-8804-81a754d4cf15</id>
  <author>N/A</author>
  <deployer>OneDeploy</deployer>
  <authorEmail>N/A</authorEmail>
  <message>OneDeploy</message>
  <progress></progress>
  <status>Success</status>
  <statusText></statusText>
  <lastSuccessEndTime>2025-11-10T17:50:51.2967922Z</lastSuccessEndTime>
  <receivedTime>2025-11-10T17:50:48.3858906Z</receivedTime>
  <startTime>2025-11-10T17:50:49.774818Z</startTime>
  <endTime>2025-11-10T17:50:51.2967922Z</endTime>
  <complete>True</complete>
  <is_temp>False</is_temp>
  <is_readonly>True</is_readonly>
  <buildSummary />
</deployment>