﻿<?xml version="1.0" encoding="utf-8"?>
<deployment>
  <id>f9c8b592-9b51-4336-ab0a-b43b959cd067</id>
  <author>N/A</author>
  <deployer>OneDeploy</deployer>
  <authorEmail>N/A</authorEmail>
  <message>OneDeploy</message>
  <progress></progress>
  <status>Success</status>
  <statusText></statusText>
  <lastSuccessEndTime>2025-11-10T13:53:34.0911941Z</lastSuccessEndTime>
  <receivedTime>2025-11-10T13:53:28.6985242Z</receivedTime>
  <startTime>2025-11-10T13:53:30.9534425Z</startTime>
  <endTime>2025-11-10T13:53:34.0911941Z</endTime>
  <complete>True</complete>
  <is_temp>False</is_temp>
  <is_readonly>True</is_readonly>
  <buildSummary />
</deployment>