﻿<?xml version="1.0" encoding="utf-8"?>
<deployment>
  <id>31cdb119-f023-48a6-87ef-470a4e174372</id>
  <author>N/A</author>
  <deployer>OneDeploy</deployer>
  <authorEmail>N/A</authorEmail>
  <message>OneDeploy</message>
  <progress></progress>
  <status>Success</status>
  <statusText></statusText>
  <lastSuccessEndTime>2025-11-10T18:53:44.1792689Z</lastSuccessEndTime>
  <receivedTime>2025-11-10T18:53:41.4948806Z</receivedTime>
  <startTime>2025-11-10T18:53:42.9254012Z</startTime>
  <endTime>2025-11-10T18:53:44.1792689Z</endTime>
  <complete>True</complete>
  <is_temp>False</is_temp>
  <is_readonly>True</is_readonly>
  <buildSummary />
</deployment>