﻿<?xml version="1.0" encoding="utf-8"?>
<deployment>
  <id>a107b239-7414-417b-8159-3c03a91451aa</id>
  <author>N/A</author>
  <deployer>OneDeploy</deployer>
  <authorEmail>N/A</authorEmail>
  <message>OneDeploy</message>
  <progress></progress>
  <status>Success</status>
  <statusText></statusText>
  <lastSuccessEndTime>2025-11-10T17:10:34.0966807Z</lastSuccessEndTime>
  <receivedTime>2025-11-10T17:10:31.2691781Z</receivedTime>
  <startTime>2025-11-10T17:10:32.6426461Z</startTime>
  <endTime>2025-11-10T17:10:34.0966807Z</endTime>
  <complete>True</complete>
  <is_temp>False</is_temp>
  <is_readonly>True</is_readonly>
  <buildSummary />
</deployment>