﻿<?xml version="1.0" encoding="utf-8"?>
<deployment>
  <id>640e1b70-c3ab-4ac1-888a-59b51ba4d3a7</id>
  <author>N/A</author>
  <deployer>OneDeploy</deployer>
  <authorEmail>N/A</authorEmail>
  <message>OneDeploy</message>
  <progress></progress>
  <status>Success</status>
  <statusText></statusText>
  <lastSuccessEndTime>2025-11-04T10:32:39.8621186Z</lastSuccessEndTime>
  <receivedTime>2025-11-04T10:32:37.0216574Z</receivedTime>
  <startTime>2025-11-04T10:32:38.6097064Z</startTime>
  <endTime>2025-11-04T10:32:39.8621186Z</endTime>
  <complete>True</complete>
  <is_temp>False</is_temp>
  <is_readonly>True</is_readonly>
  <buildSummary />
</deployment>