﻿<?xml version="1.0" encoding="utf-8"?>
<deployment>
  <id>4ff2fe17-4498-4ebb-8953-61d47714ec87</id>
  <author>N/A</author>
  <deployer>OneDeploy</deployer>
  <authorEmail>N/A</authorEmail>
  <message>OneDeploy</message>
  <progress></progress>
  <status>Success</status>
  <statusText></statusText>
  <lastSuccessEndTime>2025-11-10T18:59:46.5067726Z</lastSuccessEndTime>
  <receivedTime>2025-11-10T18:59:43.7879437Z</receivedTime>
  <startTime>2025-11-10T18:59:45.0923825Z</startTime>
  <endTime>2025-11-10T18:59:46.5067726Z</endTime>
  <complete>True</complete>
  <is_temp>False</is_temp>
  <is_readonly>True</is_readonly>
  <buildSummary />
</deployment>