﻿<?xml version="1.0" encoding="utf-8"?>
<deployment>
  <id>f7ae7eb1-a2f5-4a6d-9368-3cf0bd1b81be</id>
  <author>N/A</author>
  <deployer>Push-Deployer</deployer>
  <authorEmail>N/A</authorEmail>
  <message>Created via a push deployment</message>
  <progress></progress>
  <status>Success</status>
  <statusText></statusText>
  <lastSuccessEndTime>2025-11-04T10:15:22.8458102Z</lastSuccessEndTime>
  <receivedTime>2025-11-04T10:15:18.8951067Z</receivedTime>
  <startTime>2025-11-04T10:15:20.9976138Z</startTime>
  <endTime>2025-11-04T10:15:22.8458102Z</endTime>
  <complete>True</complete>
  <is_temp>False</is_temp>
  <is_readonly>True</is_readonly>
  <buildSummary />
</deployment>