﻿<?xml version="1.0" encoding="utf-8"?>
<deployment>
  <id>05e61f84-c93f-4013-8943-2c586f2809c2</id>
  <author>N/A</author>
  <deployer>OneDeploy</deployer>
  <authorEmail>N/A</authorEmail>
  <message>OneDeploy</message>
  <progress></progress>
  <status>Success</status>
  <statusText></statusText>
  <lastSuccessEndTime>2025-11-04T10:46:50.1796776Z</lastSuccessEndTime>
  <receivedTime>2025-11-04T10:46:44.9086412Z</receivedTime>
  <startTime>2025-11-04T10:46:47.591943Z</startTime>
  <endTime>2025-11-04T10:46:50.1796776Z</endTime>
  <complete>True</complete>
  <is_temp>False</is_temp>
  <is_readonly>True</is_readonly>
  <buildSummary />
</deployment>